timestamp,time_seconds,timestamp_ns,t_ms,t_ms_corrected_ns,gripper_side,sw,opening_mm,angle_deg
2026-03-27T16:56:28.566564+00:00,0.036390,1774630588566563617,847860,1774630588565257984,right,ON,2.7,4.53
2026-03-27T16:56:28.581563+00:00,0.051390,1774630588581563017,847876,1774630588580870144,right,ON,2.7,4.53
2026-03-27T16:56:28.597866+00:00,0.067693,1774630588597866117,847892,1774630588596877056,right,ON,2.7,4.53
2026-03-27T16:56:28.622931+00:00,0.092758,1774630588622931117,847908,1774630588617125120,right,ON,2.7,4.53
2026-03-27T16:56:28.629868+00:00,0.099695,1774630588629867817,847924,1774630588631987712,right,ON,2.7,4.53
2026-03-27T16:56:28.647307+00:00,0.117134,1774630588647307317,847940,1774630588647777024,right,ON,2.7,4.53
2026-03-27T16:56:28.662545+00:00,0.132372,1774630588662545317,847956,1774630588663367168,right,ON,2.7,4.53
2026-03-27T16:56:28.677901+00:00,0.147727,1774630588677900617,847972,1774630588678870016,right,ON,2.7,4.53
2026-03-27T16:56:28.694377+00:00,0.164204,1774630588694377317,847988,1774630588694647808,right,ON,2.7,4.53
2026-03-27T16:56:28.709853+00:00,0.179679,1774630588709852617,848004,1774630588710339328,right,ON,2.7,4.53
2026-03-27T16:56:28.726196+00:00,0.196022,1774630588726195417,848020,1774630588726193920,right,ON,2.7,4.53
2026-03-27T16:56:28.742810+00:00,0.212637,1774630588742810017,848036,1774630588742232064,right,ON,2.7,4.53
2026-03-27T16:56:28.758351+00:00,0.228178,1774630588758351017,848052,1774630588758161152,right,ON,2.7,4.53
2026-03-27T16:56:28.774747+00:00,0.244574,1774630588774747017,848068,1774630588774192128,right,ON,2.7,4.53
2026-03-27T16:56:28.791137+00:00,0.260963,1774630588791136517,848084,1774630588790299904,right,ON,2.7,4.53
2026-03-27T16:56:28.806641+00:00,0.276468,1774630588806641217,848100,1774630588806294528,right,ON,2.7,4.53
2026-03-27T16:56:28.822838+00:00,0.292665,1774630588822838117,848116,1774630588822328320,right,ON,2.7,4.53
2026-03-27T16:56:28.846692+00:00,0.316519,1774630588846692317,848132,1774630588839752448,right,ON,2.7,4.53
2026-03-27T16:56:28.854850+00:00,0.324676,1774630588854849617,848148,1774630588855628800,right,ON,2.7,4.53
2026-03-27T16:56:28.872133+00:00,0.341960,1774630588872133117,848164,1774630588871731968,right,ON,2.7,4.53
2026-03-27T16:56:28.886523+00:00,0.356350,1774630588886523417,848180,1774630588887568128,right,ON,2.7,4.53
2026-03-27T16:56:28.903157+00:00,0.372983,1774630588903156617,848196,1774630588903521024,right,ON,2.7,4.53
2026-03-27T16:56:28.919406+00:00,0.389233,1774630588919405717,848212,1774630588919516160,right,ON,2.7,4.53
2026-03-27T16:56:28.934989+00:00,0.404816,1774630588934988817,848228,1774630588935453184,right,ON,2.7,4.53
2026-03-27T16:56:28.951282+00:00,0.421108,1774630588951281617,848244,1774630588951437312,right,ON,2.7,4.53
2026-03-27T16:56:28.966948+00:00,0.436774,1774630588966947617,848260,1774630588967379200,right,ON,2.7,4.53
2026-03-27T16:56:28.983198+00:00,0.453025,1774630588983198317,848276,1774630588983359488,right,ON,2.7,4.53
2026-03-27T16:56:28.999506+00:00,0.469332,1774630588999505617,848292,1774630588999379712,right,ON,2.7,4.53
2026-03-27T16:56:29.015056+00:00,0.484883,1774630589015056317,848308,1774630589015343872,right,ON,2.7,4.53
2026-03-27T16:56:29.031483+00:00,0.501310,1774630589031483217,848324,1774630589031361536,right,ON,2.7,4.53
2026-03-27T16:56:29.054798+00:00,0.524625,1774630589054798017,848340,1774630589048200704,right,ON,2.7,4.53
2026-03-27T16:56:29.063442+00:00,0.533269,1774630589063442217,848356,1774630589064153088,right,ON,2.7,4.53
2026-03-27T16:56:29.082012+00:00,0.551839,1774630589082011817,848372,1774630589080383232,right,ON,2.7,4.53
2026-03-27T16:56:29.095041+00:00,0.564867,1774630589095040617,848388,1774630589096283392,right,ON,2.7,4.53
2026-03-27T16:56:29.111597+00:00,0.581423,1774630589111596617,848404,1774630589112248320,right,ON,2.7,4.53
2026-03-27T16:56:29.127913+00:00,0.597740,1774630589127912917,848420,1774630589128247040,right,ON,2.7,4.53
2026-03-27T16:56:29.143400+00:00,0.613227,1774630589143400017,848436,1774630589144195840,right,ON,2.7,4.53
2026-03-27T16:56:29.159870+00:00,0.629696,1774630589159869617,848452,1774630589160193024,right,ON,2.7,4.53
2026-03-27T16:56:29.176172+00:00,0.645998,1774630589176171617,848468,1774630589176217600,right,ON,2.7,4.53
2026-03-27T16:56:29.191712+00:00,0.661539,1774630589191712317,848484,1774630589192198912,right,ON,2.7,4.53
2026-03-27T16:56:29.207966+00:00,0.677793,1774630589207966017,848500,1774630589208203520,right,ON,2.7,4.53
2026-03-27T16:56:29.223573+00:00,0.693400,1774630589223572817,848516,1774630589224173568,right,ON,2.7,4.53
2026-03-27T16:56:29.239838+00:00,0.709665,1774630589239837817,848532,1774630589240168192,right,ON,2.7,4.53
2026-03-27T16:56:29.256311+00:00,0.726138,1774630589256311117,848548,1774630589256201728,right,ON,2.7,4.53
2026-03-27T16:56:29.278094+00:00,0.747921,1774630589278093817,848564,1774630589272699904,right,ON,2.7,4.53
2026-03-27T16:56:29.288305+00:00,0.758132,1774630589288304717,848580,1774630589288704512,right,ON,2.7,4.53
2026-03-27T16:56:29.305470+00:00,0.775297,1774630589305469717,848596,1774630589304799232,right,ON,2.7,4.53
2026-03-27T16:56:29.320097+00:00,0.789924,1774630589320097317,848612,1774630589320782336,right,ON,2.7,4.53
2026-03-27T16:56:29.336353+00:00,0.806180,1774630589336353217,848628,1774630589336785408,right,ON,2.7,4.53
2026-03-27T16:56:29.352032+00:00,0.821859,1774630589352032017,848644,1774630589352764672,right,ON,2.7,4.53
2026-03-27T16:56:29.368264+00:00,0.838091,1774630589368264417,848660,1774630589368761344,right,ON,2.7,4.53
2026-03-27T16:56:29.384744+00:00,0.854571,1774630589384744117,848676,1774630589384792064,right,ON,2.7,4.53
2026-03-27T16:56:29.400084+00:00,0.869911,1774630589400084217,848692,1774630589400774656,right,ON,2.7,4.53
2026-03-27T16:56:29.416723+00:00,0.886549,1774630589416722517,848708,1774630589416801536,right,ON,2.7,4.53
2026-03-27T16:56:29.432852+00:00,0.902678,1774630589432851617,848724,1774630589432835584,right,ON,2.7,4.53
2026-03-27T16:56:29.448418+00:00,0.918245,1774630589448417917,848740,1774630589448838400,right,ON,2.7,4.53
2026-03-27T16:56:29.464681+00:00,0.934508,1774630589464681317,848756,1774630589464858112,right,ON,2.7,4.53
2026-03-27T16:56:29.486366+00:00,0.956193,1774630589486366017,848772,1774630589481240064,right,ON,2.7,4.53
2026-03-27T16:56:29.496824+00:00,0.966651,1774630589496824417,848788,1774630589497251584,right,ON,2.7,4.53
2026-03-27T16:56:29.513963+00:00,0.983790,1774630589513963117,848804,1774630589513332992,right,ON,2.7,4.53
2026-03-27T16:56:29.528622+00:00,0.998449,1774630589528622117,848820,1774630589529327616,right,ON,2.7,4.53
2026-03-27T16:56:29.544947+00:00,1.014774,1774630589544946917,848836,1774630589545475840,right,ON,2.7,4.53
2026-03-27T16:56:29.561386+00:00,1.031213,1774630589561385717,848852,1774630589561500672,right,ON,2.7,4.53
2026-03-27T16:56:29.576791+00:00,1.046618,1774630589576791117,848868,1774630589577467136,right,ON,2.7,4.53
2026-03-27T16:56:29.593221+00:00,1.063048,1774630589593221017,848884,1774630589593483520,right,ON,2.7,4.53
2026-03-27T16:56:29.608657+00:00,1.078484,1774630589608657317,848900,1774630589609430016,right,ON,2.7,4.53
2026-03-27T16:56:29.625082+00:00,1.094909,1774630589625082217,848916,1774630589625407488,right,ON,2.7,4.53
2026-03-27T16:56:29.641456+00:00,1.111283,1774630589641455717,848932,1774630589641686528,right,ON,2.7,4.53
2026-03-27T16:56:29.656900+00:00,1.126727,1774630589656900217,848948,1774630589657656320,right,ON,2.7,4.53
2026-03-27T16:56:29.673290+00:00,1.143117,1774630589673289717,848964,1774630589673690624,right,ON,2.7,4.53
2026-03-27T16:56:29.689707+00:00,1.159534,1774630589689707117,848980,1774630589689723392,right,ON,2.7,4.53
2026-03-27T16:56:29.705078+00:00,1.174905,1774630589705078217,848996,1774630589705693184,right,ON,2.7,4.53
2026-03-27T16:56:29.726589+00:00,1.196416,1774630589726588717,849012,1774630589722010112,right,ON,2.7,4.53
2026-03-27T16:56:29.737260+00:00,1.207087,1774630589737259717,849028,1774630589737972992,right,ON,2.7,4.53
2026-03-27T16:56:29.754106+00:00,1.223933,1774630589754105917,849044,1774630589753993472,right,ON,2.7,4.53
2026-03-27T16:56:29.769946+00:00,1.239773,1774630589769945817,849060,1774630589770017792,right,ON,2.7,4.53
2026-03-27T16:56:29.785322+00:00,1.255149,1774630589785322117,849076,1774630589785985280,right,ON,2.7,4.53
2026-03-27T16:56:29.801824+00:00,1.271651,1774630589801823717,849092,1774630589801991168,right,ON,2.7,4.53
2026-03-27T16:56:29.818125+00:00,1.287952,1774630589818125617,849108,1774630589818023168,right,ON,2.7,4.53
2026-03-27T16:56:29.833582+00:00,1.303408,1774630589833581617,849124,1774630589834002432,right,ON,2.7,4.53
2026-03-27T16:56:29.849966+00:00,1.319793,1774630589849965917,849140,1774630589850007296,right,ON,2.7,4.53
2026-03-27T16:56:29.865464+00:00,1.335291,1774630589865464017,849156,1774630589866222080,right,ON,2.7,4.53
2026-03-27T16:56:29.881819+00:00,1.351646,1774630589881819217,849172,1774630589882221056,right,ON,2.7,4.53
2026-03-27T16:56:29.898324+00:00,1.368151,1774630589898324117,849188,1774630589898286848,right,ON,2.7,4.53
2026-03-27T16:56:29.913662+00:00,1.383489,1774630589913661717,849204,1774630589914258688,right,ON,2.7,4.53
2026-03-27T16:56:29.930159+00:00,1.399985,1774630589930158517,849220,1774630589930276096,right,ON,2.7,4.53
2026-03-27T16:56:29.950840+00:00,1.420667,1774630589950840117,849236,1774630589946582528,right,ON,2.7,4.53
2026-03-27T16:56:29.961977+00:00,1.431805,1774630589961977717,849252,1774630589962568704,right,ON,2.7,4.53
2026-03-27T16:56:29.978256+00:00,1.448083,1774630589978256117,849268,1774630589978576384,right,ON,2.7,4.53
2026-03-27T16:56:29.993784+00:00,1.463611,1774630589993784317,849284,1774630589994540800,right,ON,2.7,4.53
2026-03-27T16:56:30.010184+00:00,1.480011,1774630590010184017,849300,1774630590010533376,right,ON,2.7,4.53
2026-03-27T16:56:30.026611+00:00,1.496438,1774630590026611317,849316,1774630590026557184,right,ON,2.7,4.53
2026-03-27T16:56:30.042021+00:00,1.511848,1774630590042020917,849332,1774630590042526464,right,ON,2.7,4.53
2026-03-27T16:56:30.058534+00:00,1.528360,1774630590058533517,849348,1774630590058536192,right,ON,2.7,4.53
2026-03-27T16:56:30.075018+00:00,1.544845,1774630590075018417,849364,1774630590074799616,right,ON,2.7,4.53
2026-03-27T16:56:30.090421+00:00,1.560248,1774630590090420917,849380,1774630590090802176,right,ON,2.7,4.53
2026-03-27T16:56:30.106834+00:00,1.576661,1774630590106834017,849396,1774630590106905856,right,ON,2.7,4.53
2026-03-27T16:56:30.122201+00:00,1.592028,1774630590122201317,849412,1774630590122876928,right,ON,2.7,4.44
2026-03-27T16:56:30.138690+00:00,1.608516,1774630590138689617,849428,1774630590138890752,right,ON,2.7,4.53
2026-03-27T16:56:30.158290+00:00,1.628117,1774630590158290417,849444,1774630590155129600,right,ON,2.7,4.53
2026-03-27T16:56:30.170717+00:00,1.640544,1774630590170716917,849460,1774630590171125504,right,ON,2.7,4.53
2026-03-27T16:56:30.186907+00:00,1.656734,1774630590186907117,849476,1774630590187142400,right,ON,2.7,4.53
2026-03-27T16:56:30.203357+00:00,1.673184,1774630590203357117,849492,1774630590203192064,right,ON,2.7,4.53
2026-03-27T16:56:30.218744+00:00,1.688571,1774630590218744217,849508,1774630590219185408,right,ON,2.7,4.53
2026-03-27T16:56:30.235221+00:00,1.705047,1774630590235220617,849524,1774630590235211264,right,ON,2.7,4.53
2026-03-27T16:56:30.250615+00:00,1.720442,1774630590250614817,849540,1774630590251183104,right,ON,2.7,4.53
2026-03-27T16:56:30.267049+00:00,1.736875,1774630590267048617,849556,1774630590267185664,right,ON,2.7,4.53
2026-03-27T16:56:30.283419+00:00,1.753245,1774630590283418617,849572,1774630590283220736,right,ON,2.7,4.53
2026-03-27T16:56:30.298868+00:00,1.768695,1774630590298868317,849588,1774630590299398400,right,ON,2.7,4.53
2026-03-27T16:56:30.315330+00:00,1.785156,1774630590315329617,849604,1774630590315428096,right,ON,2.7,4.53
2026-03-27T16:56:30.331750+00:00,1.801576,1774630590331749617,849620,1774630590331515392,right,ON,2.7,4.53
2026-03-27T16:56:30.347099+00:00,1.816926,1774630590347098817,849636,1774630590347516928,right,ON,2.7,4.53
2026-03-27T16:56:30.363521+00:00,1.833348,1774630590363520717,849652,1774630590363547648,right,ON,2.7,4.53
2026-03-27T16:56:30.383047+00:00,1.852874,1774630590383047217,849668,1774630590379779072,right,ON,2.7,4.53
2026-03-27T16:56:30.395490+00:00,1.865317,1774630590395489917,849684,1774630590395790592,right,ON,2.7,4.53
2026-03-27T16:56:30.411963+00:00,1.881790,1774630590411962717,849700,1774630590411841280,right,ON,2.7,4.53
2026-03-27T16:56:30.427302+00:00,1.897129,1774630590427301917,849716,1774630590427826176,right,ON,2.7,4.53
2026-03-27T16:56:30.443791+00:00,1.913618,1774630590443791217,849732,1774630590443856640,right,ON,2.7,4.53
2026-03-27T16:56:30.460328+00:00,1.930155,1774630590460328317,849748,1774630590459919104,right,ON,2.7,4.53
2026-03-27T16:56:30.475640+00:00,1.945467,1774630590475640017,849764,1774630590475921152,right,ON,2.7,4.53
2026-03-27T16:56:30.491907+00:00,1.961734,1774630590491906917,849780,1774630590491943168,right,ON,2.7,4.53
2026-03-27T16:56:30.507351+00:00,1.977178,1774630590507351417,849796,1774630590508104192,right,ON,2.7,4.53
2026-03-27T16:56:30.523793+00:00,1.993620,1774630590523793517,849812,1774630590524123392,right,ON,2.7,4.53
2026-03-27T16:56:30.540370+00:00,2.010197,1774630590540370517,849828,1774630590540209152,right,ON,2.7,4.53
2026-03-27T16:56:30.555683+00:00,2.025509,1774630590555682517,849844,1774630590556207616,right,ON,2.7,4.53
2026-03-27T16:56:30.572068+00:00,2.041895,1774630590572068017,849860,1774630590572235264,right,ON,2.7,4.53
2026-03-27T16:56:30.590836+00:00,2.060662,1774630590590835617,849876,1774630590588440832,right,ON,2.7,4.53
2026-03-27T16:56:30.603893+00:00,2.073719,1774630590603892417,849892,1774630590604440832,right,ON,2.7,4.53
2026-03-27T16:56:30.620300+00:00,2.090127,1774630590620300117,849908,1774630590620474368,right,ON,2.7,4.53
2026-03-27T16:56:30.635945+00:00,2.105772,1774630590635945317,849924,1774630590636463872,right,ON,2.7,4.53
2026-03-27T16:56:30.652180+00:00,2.122007,1774630590652180517,849940,1774630590652476672,right,ON,2.7,4.53
2026-03-27T16:56:30.668586+00:00,2.138413,1774630590668585917,849956,1774630590668521216,right,ON,2.7,4.53
2026-03-27T16:56:30.684016+00:00,2.153842,1774630590684015617,849972,1774630590684509184,right,ON,2.7,4.53
2026-03-27T16:56:30.700435+00:00,2.170262,1774630590700435117,849988,1774630590700530432,right,ON,2.7,4.53
2026-03-27T16:56:30.716830+00:00,2.186656,1774630590716829317,850004,1774630590716584448,right,ON,2.7,4.53
2026-03-27T16:56:30.732310+00:00,2.202137,1774630590732310317,850020,1774630590732582144,right,ON,2.7,4.53
2026-03-27T16:56:30.748684+00:00,2.218511,1774630590748683717,850036,1774630590748770560,right,ON,2.7,4.53
2026-03-27T16:56:30.764186+00:00,2.234013,1774630590764186017,850052,1774630590764764672,right,ON,2.7,4.53
2026-03-27T16:56:30.780555+00:00,2.250382,1774630590780555417,850068,1774630590780803584,right,ON,2.7,4.53
2026-03-27T16:56:30.796991+00:00,2.266818,1774630590796991217,850084,1774630590796860672,right,ON,2.7,4.53
2026-03-27T16:56:30.814141+00:00,2.283968,1774630590814141217,850100,1774630590812964096,right,ON,2.7,4.53
2026-03-27T16:56:30.828825+00:00,2.298652,1774630590828825417,850116,1774630590828995584,right,ON,2.7,4.53
2026-03-27T16:56:30.845334+00:00,2.315161,1774630590845334117,850132,1774630590845063424,right,ON,2.7,4.53
2026-03-27T16:56:30.860635+00:00,2.330461,1774630590860634617,850148,1774630590861067008,right,ON,2.7,4.53
2026-03-27T16:56:30.877199+00:00,2.347026,1774630590877199017,850164,1774630590877112832,right,ON,2.7,4.53
2026-03-27T16:56:30.892538+00:00,2.362365,1774630590892537917,850180,1774630590893097472,right,ON,2.7,4.53
2026-03-27T16:56:30.909077+00:00,2.378903,1774630590909076617,850196,1774630590909122048,right,ON,2.7,4.53
2026-03-27T16:56:30.925369+00:00,2.395196,1774630590925369017,850212,1774630590925175296,right,ON,2.7,4.53
2026-03-27T16:56:30.941039+00:00,2.410866,1774630590941039117,850228,1774630590941183744,right,ON,2.7,4.53
2026-03-27T16:56:30.957294+00:00,2.427121,1774630590957294217,850244,1774630590957217792,right,ON,2.7,4.53
2026-03-27T16:56:30.973712+00:00,2.443539,1774630590973712117,850260,1774630590973419520,right,ON,2.7,4.53
2026-03-27T16:56:30.989098+00:00,2.458925,1774630590989098217,850276,1774630590989433600,right,ON,2.7,4.53
2026-03-27T16:56:31.005564+00:00,2.475391,1774630591005564217,850292,1774630591005479936,right,ON,2.7,4.53
2026-03-27T16:56:31.022580+00:00,2.492407,1774630591022580317,850308,1774630591021569024,right,ON,2.7,4.53
2026-03-27T16:56:31.037409+00:00,2.507235,1774630591037408617,850324,1774630591037592064,right,ON,2.7,4.53
2026-03-27T16:56:31.053722+00:00,2.523549,1774630591053721917,850340,1774630591053643008,right,ON,2.7,4.53
2026-03-27T16:56:31.069214+00:00,2.539041,1774630591069214317,850356,1774630591069640192,right,ON,2.7,4.53
2026-03-27T16:56:31.085597+00:00,2.555424,1774630591085597117,850372,1774630591085671936,right,ON,2.7,4.53
2026-03-27T16:56:31.102108+00:00,2.571935,1774630591102107817,850388,1774630591101745408,right,ON,2.7,4.53
2026-03-27T16:56:31.117388+00:00,2.587215,1774630591117387817,850404,1774630591117752064,right,ON,2.7,4.53
2026-03-27T16:56:31.133874+00:00,2.603701,1774630591133873717,850420,1774630591133796864,right,ON,2.7,4.53
2026-03-27T16:56:31.149431+00:00,2.619258,1774630591149430717,850436,1774630591149790464,right,ON,2.7,4.53
2026-03-27T16:56:31.165737+00:00,2.635563,1774630591165736617,850452,1774630591165813504,right,ON,2.7,4.44
2026-03-27T16:56:31.182236+00:00,2.652063,1774630591182235817,850468,1774630591181975040,right,ON,2.7,4.53
2026-03-27T16:56:31.197565+00:00,2.667392,1774630591197564917,850484,1774630591197984256,right,ON,2.7,4.53
2026-03-27T16:56:31.214096+00:00,2.683923,1774630591214095917,850500,1774630591214027520,right,ON,2.7,4.53
2026-03-27T16:56:31.230525+00:00,2.700352,1774630591230525417,850516,1774630591230106624,right,ON,2.7,4.53
2026-03-27T16:56:31.246054+00:00,2.715881,1774630591246054117,850532,1774630591246132992,right,ON,2.7,4.53
2026-03-27T16:56:31.262237+00:00,2.732064,1774630591262237117,850548,1774630591262180608,right,ON,2.7,4.53
2026-03-27T16:56:31.278059+00:00,2.747886,1774630591278059117,850564,1774630591278194176,right,ON,2.7,4.53
2026-03-27T16:56:31.294167+00:00,2.763994,1774630591294167217,850580,1774630591294223104,right,ON,2.7,4.53
2026-03-27T16:56:31.310559+00:00,2.780386,1774630591310558817,850596,1774630591310282752,right,ON,2.7,4.53
2026-03-27T16:56:31.325920+00:00,2.795747,1774630591325920017,850612,1774630591326281728,right,ON,2.7,4.53
2026-03-27T16:56:31.342404+00:00,2.812231,1774630591342403917,850628,1774630591342320384,right,ON,2.7,4.53
2026-03-27T16:56:31.358763+00:00,2.828590,1774630591358763617,850644,1774630591358389760,right,ON,2.7,4.53
2026-03-27T16:56:31.374265+00:00,2.844092,1774630591374265017,850660,1774630591374403840,right,ON,2.7,4.53
2026-03-27T16:56:31.390779+00:00,2.860606,1774630591390778917,850676,1774630591390457856,right,ON,2.7,4.53
2026-03-27T16:56:31.406112+00:00,2.875939,1774630591406111917,850692,1774630591406576640,right,ON,2.7,4.53
2026-03-27T16:56:31.422647+00:00,2.892474,1774630591422647517,850708,1774630591422618368,right,ON,2.7,4.53
2026-03-27T16:56:31.438937+00:00,2.908764,1774630591438937217,850724,1774630591438688256,right,ON,2.7,4.53
2026-03-27T16:56:31.454484+00:00,2.924310,1774630591454483617,850740,1774630591454705152,right,ON,2.7,4.53
2026-03-27T16:56:31.470838+00:00,2.940665,1774630591470838017,850756,1774630591470754560,right,ON,2.7,4.53
2026-03-27T16:56:31.487300+00:00,2.957127,1774630591487299917,850772,1774630591486844672,right,ON,2.7,4.44
2026-03-27T16:56:31.502673+00:00,2.972500,1774630591502673217,850788,1774630591502870528,right,ON,2.7,4.53
2026-03-27T16:56:31.519175+00:00,2.989002,1774630591519175017,850804,1774630591518930944,right,ON,2.7,4.53
2026-03-27T16:56:31.534508+00:00,3.004335,1774630591534508317,850820,1774630591534928640,right,ON,2.7,4.53
2026-03-27T16:56:31.550994+00:00,3.020821,1774630591550993717,850836,1774630591550965504,right,ON,2.7,4.53
2026-03-27T16:56:31.567498+00:00,3.037325,1774630591567497917,850852,1774630591567046400,right,ON,2.7,4.53
2026-03-27T16:56:31.582840+00:00,3.052667,1774630591582840117,850868,1774630591583060992,right,ON,2.7,4.53
2026-03-27T16:56:31.599152+00:00,3.068979,1774630591599152117,850884,1774630591599102208,right,ON,2.7,4.53
2026-03-27T16:56:31.615622+00:00,3.085449,1774630591615622017,850900,1774630591615254272,right,ON,2.7,4.53
2026-03-27T16:56:31.631017+00:00,3.100844,1774630591631017517,850916,1774630591631276032,right,ON,2.7,4.53
2026-03-27T16:56:31.647515+00:00,3.117342,1774630591647515317,850932,1774630591647336448,right,ON,2.7,4.53
2026-03-27T16:56:31.663061+00:00,3.132888,1774630591663060817,850948,1774630591663353600,right,ON,2.7,4.53
2026-03-27T16:56:31.679338+00:00,3.149164,1774630591679337517,850964,1774630591679390720,right,ON,2.7,4.53
2026-03-27T16:56:31.695855+00:00,3.165681,1774630591695854617,850980,1774630591695467008,right,ON,2.7,4.53
2026-03-27T16:56:31.711168+00:00,3.180995,1774630591711168217,850996,1774630591711479296,right,ON,2.7,4.53
2026-03-27T16:56:31.727689+00:00,3.197516,1774630591727689117,851012,1774630591727531776,right,ON,2.7,4.53
2026-03-27T16:56:31.743989+00:00,3.213816,1774630591743989117,851028,1774630591743609856,right,ON,2.7,4.53
2026-03-27T16:56:31.759558+00:00,3.229385,1774630591759557917,851044,1774630591759641344,right,ON,2.7,4.53
2026-03-27T16:56:31.775877+00:00,3.245704,1774630591775877317,851060,1774630591775699200,right,ON,2.7,4.53
2026-03-27T16:56:31.791374+00:00,3.261201,1774630591791373717,851076,1774630591791706112,right,ON,2.7,4.44
2026-03-27T16:56:31.807706+00:00,3.277533,1774630591807705817,851092,1774630591807739904,right,ON,2.7,4.53
2026-03-27T16:56:31.824238+00:00,3.294065,1774630591824238117,851108,1774630591823815680,right,ON,2.7,4.53
2026-03-27T16:56:31.839543+00:00,3.309369,1774630591839542617,851124,1774630591839879936,right,ON,2.7,4.53
2026-03-27T16:56:31.856062+00:00,3.325889,1774630591856062217,851140,1774630591855932928,right,ON,2.7,4.53
2026-03-27T16:56:31.872371+00:00,3.342198,1774630591872371017,851156,1774630591872016384,right,ON,2.7,4.53
2026-03-27T16:56:31.887900+00:00,3.357727,1774630591887900017,851172,1774630591888044544,right,ON,2.7,4.53
2026-03-27T16:56:31.904253+00:00,3.374079,1774630591904252517,851188,1774630591904106752,right,ON,2.7,4.53
2026-03-27T16:56:31.919798+00:00,3.389625,1774630591919797817,851204,1774630591920116736,right,ON,2.7,4.53
2026-03-27T16:56:31.936081+00:00,3.405908,1774630591936080817,851220,1774630591936155904,right,ON,2.7,4.53
2026-03-27T16:56:31.952636+00:00,3.422463,1774630591952636517,851236,1774630591952233728,right,ON,2.7,4.53
2026-03-27T16:56:31.967889+00:00,3.437715,1774630591967888617,851252,1774630591968251136,right,ON,2.7,4.53
2026-03-27T16:56:31.984687+00:00,3.454514,1774630591984687017,851268,1774630591984320768,right,ON,2.7,4.53
2026-03-27T16:56:32.000773+00:00,3.470599,1774630592000772517,851284,1774630592000403968,right,ON,2.7,4.53
2026-03-27T16:56:32.016268+00:00,3.486095,1774630592016267817,851300,1774630592016432640,right,ON,2.7,4.53
2026-03-27T16:56:32.032609+00:00,3.502436,1774630592032609617,851316,1774630592032492288,right,ON,2.7,4.53
2026-03-27T16:56:32.048111+00:00,3.517938,1774630592048111117,851332,1774630592048548864,right,ON,2.7,4.53
2026-03-27T16:56:32.064587+00:00,3.534414,1774630592064586817,851348,1774630592064595712,right,ON,2.7,4.53
2026-03-27T16:56:32.080965+00:00,3.550792,1774630592080965217,851364,1774630592080670720,right,ON,2.7,4.53
2026-03-27T16:56:32.096361+00:00,3.566188,1774630592096361517,851380,1774630592096688640,right,ON,2.7,4.53
2026-03-27T16:56:32.114787+00:00,3.584614,1774630592114787117,851396,1774630592112861952,right,ON,2.7,4.53
2026-03-27T16:56:32.129251+00:00,3.599078,1774630592129251217,851412,1774630592128949504,right,ON,2.7,4.53
2026-03-27T16:56:32.144678+00:00,3.614505,1774630592144677717,851428,1774630592144975360,right,ON,2.7,4.53
2026-03-27T16:56:32.161290+00:00,3.631117,1774630592161290517,851444,1774630592161049344,right,ON,2.7,4.53
2026-03-27T16:56:32.176616+00:00,3.646443,1774630592176615917,851460,1774630592177063168,right,ON,2.7,4.53
2026-03-27T16:56:32.192996+00:00,3.662823,1774630592192996117,851476,1774630592193105152,right,ON,2.7,4.53
2026-03-27T16:56:32.209314+00:00,3.679141,1774630592209314117,851492,1774630592209177344,right,ON,2.7,4.53
2026-03-27T16:56:32.224834+00:00,3.694661,1774630592224834517,851508,1774630592225194752,right,ON,2.7,4.53
2026-03-27T16:56:32.241333+00:00,3.711159,1774630592241332417,851524,1774630592241254656,right,ON,2.7,4.53
2026-03-27T16:56:32.257666+00:00,3.727493,1774630592257666417,851540,1774630592257343744,right,ON,2.7,4.53
2026-03-27T16:56:32.272959+00:00,3.742786,1774630592272959117,851556,1774630592273370368,right,ON,2.7,4.53
2026-03-27T16:56:32.289505+00:00,3.759332,1774630592289505317,851572,1774630592289431552,right,ON,2.7,4.53
2026-03-27T16:56:32.304841+00:00,3.774668,1774630592304841117,851588,1774630592305442304,right,ON,2.7,4.53
2026-03-27T16:56:32.321371+00:00,3.791198,1774630592321371517,851604,1774630592321484544,right,ON,2.7,4.53
2026-03-27T16:56:32.342875+00:00,3.812702,1774630592342874817,851620,1774630592337870592,right,ON,2.7,4.53
2026-03-27T16:56:32.353355+00:00,3.823182,1774630592353354817,851636,1774630592353887488,right,ON,2.7,4.53
2026-03-27T16:56:32.369611+00:00,3.839437,1774630592369610617,851652,1774630592369930240,right,ON,2.7,4.53
2026-03-27T16:56:32.386079+00:00,3.855905,1774630592386078617,851668,1774630592386008320,right,ON,2.7,4.53
2026-03-27T16:56:32.401344+00:00,3.871171,1774630592401344017,851684,1774630592402020864,right,ON,2.7,4.53
2026-03-27T16:56:32.417859+00:00,3.887686,1774630592417858917,851700,1774630592418076928,right,ON,2.7,4.53
2026-03-27T16:56:32.433288+00:00,3.903114,1774630592433287617,851716,1774630592434072576,right,ON,2.7,4.53
2026-03-27T16:56:32.449729+00:00,3.919556,1774630592449729617,851732,1774630592450107392,right,ON,2.7,4.53
2026-03-27T16:56:32.466212+00:00,3.936039,1774630592466212417,851748,1774630592466176256,right,ON,2.7,4.53
2026-03-27T16:56:32.481556+00:00,3.951383,1774630592481556017,851764,1774630592482185984,right,ON,2.7,4.53
2026-03-27T16:56:32.498064+00:00,3.967891,1774630592498063917,851780,1774630592498233600,right,ON,2.7,4.53
2026-03-27T16:56:32.514399+00:00,3.984226,1774630592514399217,851796,1774630592514311424,right,ON,2.7,4.53
2026-03-27T16:56:32.529910+00:00,3.999737,1774630592529910317,851812,1774630592530335232,right,ON,2.7,4.53
2026-03-27T16:56:32.556829+00:00,4.026656,1774630592556829417,851828,1774630592547036928,right,ON,2.7,4.53
2026-03-27T16:56:32.561934+00:00,4.031761,1774630592561933917,851844,1774630592563032576,right,ON,2.7,4.53
2026-03-27T16:56:32.578291+00:00,4.048118,1774630592578291417,851860,1774630592579060736,right,ON,2.7,4.53
2026-03-27T16:56:32.594579+00:00,4.064406,1774630592594579217,851876,1774630592595117056,right,ON,2.7,4.53
2026-03-27T16:56:32.609911+00:00,4.079738,1774630592609910817,851892,1774630592611107584,right,ON,2.7,4.53
2026-03-27T16:56:32.626343+00:00,4.096170,1774630592626342717,851908,1774630592627130112,right,ON,2.7,4.53
2026-03-27T16:56:32.642816+00:00,4.112643,1774630592642815917,851924,1774630592643191296,right,ON,2.7,4.53
2026-03-27T16:56:32.658215+00:00,4.128042,1774630592658214717,851940,1774630592659192576,right,ON,2.7,4.53
2026-03-27T16:56:32.674630+00:00,4.144457,1774630592674630117,851956,1774630592675229696,right,ON,2.7,4.53
2026-03-27T16:56:32.689991+00:00,4.159818,1774630592689991517,851972,1774630592691209472,right,ON,2.7,4.53
2026-03-27T16:56:32.706629+00:00,4.176455,1774630592706628617,851988,1774630592707232512,right,ON,2.7,4.53
2026-03-27T16:56:32.722921+00:00,4.192748,1774630592722921417,852004,1774630592723284992,right,ON,2.7,4.53
2026-03-27T16:56:32.738503+00:00,4.208330,1774630592738503217,852020,1774630592739286016,right,ON,2.7,4.53
2026-03-27T16:56:32.754791+00:00,4.224618,1774630592754791017,852036,1774630592755315712,right,ON,2.7,4.53
2026-03-27T16:56:32.771395+00:00,4.241222,1774630592771395217,852052,1774630592771387392,right,ON,2.7,4.53
2026-03-27T16:56:32.793005+00:00,4.262832,1774630592793005317,852068,1774630592787783424,right,ON,2.7,4.53
2026-03-27T16:56:32.803143+00:00,4.272969,1774630592803142617,852084,1774630592803817728,right,ON,2.7,4.53
2026-03-27T16:56:32.818562+00:00,4.288389,1774630592818561917,852100,1774630592819796224,right,ON,2.7,4.53
2026-03-27T16:56:32.834951+00:00,4.304778,1774630592834951517,852116,1774630592835804160,right,ON,2.7,4.53
2026-03-27T16:56:32.851431+00:00,4.321258,1774630592851430917,852132,1774630592851853312,right,ON,2.7,4.53
2026-03-27T16:56:32.866759+00:00,4.336586,1774630592866758717,852148,1774630592867835136,right,ON,2.7,4.53
2026-03-27T16:56:32.883171+00:00,4.352998,1774630592883171317,852164,1774630592883853568,right,ON,2.7,4.53
2026-03-27T16:56:32.899710+00:00,4.369537,1774630592899709717,852180,1774630592899910144,right,ON,2.7,4.53
2026-03-27T16:56:32.915044+00:00,4.384871,1774630592915044217,852196,1774630592915906816,right,ON,2.7,4.53
2026-03-27T16:56:32.931461+00:00,4.401288,1774630592931461217,852212,1774630592931935232,right,ON,2.7,4.53
2026-03-27T16:56:32.946954+00:00,4.416781,1774630592946954217,852228,1774630592947913984,right,ON,2.7,4.53
2026-03-27T16:56:32.963367+00:00,4.433194,1774630592963366817,852244,1774630592963921920,right,ON,2.7,4.53
2026-03-27T16:56:32.979669+00:00,4.449496,1774630592979668817,852260,1774630592979961088,right,ON,2.7,4.53
2026-03-27T16:56:32.995173+00:00,4.465000,1774630592995173017,852276,1774630592995942400,right,ON,2.7,4.53
2026-03-27T16:56:33.021783+00:00,4.491610,1774630593021782917,852292,1774630593012591616,right,ON,2.7,4.53
2026-03-27T16:56:33.028024+00:00,4.497851,1774630593028024017,852308,1774630593028628480,right,ON,2.7,4.53
2026-03-27T16:56:33.043502+00:00,4.513329,1774630593043502217,852324,1774630593044613120,right,ON,2.7,4.53
2026-03-27T16:56:33.059960+00:00,4.529787,1774630593059960417,852340,1774630593060632064,right,ON,2.7,4.53
2026-03-27T16:56:33.075289+00:00,4.545116,1774630593075289117,852356,1774630593076589312,right,ON,2.7,4.53
2026-03-27T16:56:33.091669+00:00,4.561496,1774630593091668717,852372,1774630593092580096,right,ON,2.7,4.53
2026-03-27T16:56:33.108228+00:00,4.578055,1774630593108227817,852388,1774630593108612608,right,ON,2.7,4.53
2026-03-27T16:56:33.123555+00:00,4.593382,1774630593123555117,852404,1774630593124580352,right,ON,2.7,4.53
2026-03-27T16:56:33.140134+00:00,4.609960,1774630593140133617,852420,1774630593140654848,right,ON,2.7,4.53
2026-03-27T16:56:33.156449+00:00,4.626276,1774630593156449317,852436,1774630593156698112,right,ON,2.7,4.53
2026-03-27T16:56:33.171927+00:00,4.641754,1774630593171927317,852452,1774630593172687360,right,ON,2.7,4.53
2026-03-27T16:56:33.188321+00:00,4.658148,1774630593188321117,852468,1774630593188715008,right,ON,2.7,4.53
2026-03-27T16:56:33.203763+00:00,4.673589,1774630593203762417,852484,1774630593204683008,right,ON,2.7,4.53
2026-03-27T16:56:33.229725+00:00,4.699552,1774630593229724917,852500,1774630593221266688,right,ON,2.7,4.53
2026-03-27T16:56:33.236597+00:00,4.706424,1774630593236597117,852516,1774630593237284864,right,ON,2.7,4.53
2026-03-27T16:56:33.252075+00:00,4.721902,1774630593252074717,852532,1774630593253251328,right,ON,2.7,4.53
2026-03-27T16:56:33.268353+00:00,4.738180,1774630593268353317,852548,1774630593269245440,right,ON,2.7,4.53
2026-03-27T16:56:33.284759+00:00,4.754586,1774630593284759317,852564,1774630593285270784,right,ON,2.7,4.53
2026-03-27T16:56:33.300238+00:00,4.770065,1774630593300237817,852580,1774630593301237248,right,ON,2.7,4.53
2026-03-27T16:56:33.316578+00:00,4.786405,1774630593316578217,852596,1774630593317237248,right,ON,2.7,4.53
2026-03-27T16:56:33.332202+00:00,4.802029,1774630593332202417,852612,1774630593333188864,right,ON,2.7,4.53
2026-03-27T16:56:33.348510+00:00,4.818336,1774630593348509617,852628,1774630593349171200,right,ON,2.7,4.53
2026-03-27T16:56:33.365092+00:00,4.834919,1774630593365092317,852644,1774630593365356288,right,ON,2.7,4.53
2026-03-27T16:56:33.380356+00:00,4.850183,1774630593380356017,852660,1774630593381326592,right,ON,2.7,4.53
2026-03-27T16:56:33.396763+00:00,4.866590,1774630593396762917,852676,1774630593397325568,right,ON,2.7,4.53
2026-03-27T16:56:33.413295+00:00,4.883122,1774630593413294817,852692,1774630593413366784,right,ON,2.7,4.53
2026-03-27T16:56:33.428595+00:00,4.898422,1774630593428594917,852708,1774630593429337856,right,ON,2.7,4.53
2026-03-27T16:56:33.454002+00:00,4.923829,1774630593454002117,852724,1774630593445894912,right,ON,2.7,4.53
2026-03-27T16:56:33.464337+00:00,4.934164,1774630593464337017,852740,1774630593462070272,right,ON,2.7,4.53
2026-03-27T16:56:33.477031+00:00,4.946857,1774630593477030617,852756,1774630593478047744,right,ON,2.7,4.53
2026-03-27T16:56:33.493351+00:00,4.963177,1774630593493350617,852772,1774630593494054912,right,ON,2.7,4.53
2026-03-27T16:56:33.508789+00:00,4.978616,1774630593508789217,852788,1774630593510002944,right,ON,2.7,4.53
2026-03-27T16:56:33.525120+00:00,4.994946,1774630593525119517,852804,1774630593525982208,right,ON,2.7,4.53
2026-03-27T16:56:33.541601+00:00,5.011428,1774630593541600917,852820,1774630593541997056,right,ON,2.7,4.53
2026-03-27T16:56:33.556964+00:00,5.026791,1774630593556964117,852836,1774630593557953024,right,ON,2.7,4.53
2026-03-27T16:56:33.573455+00:00,5.043282,1774630593573455417,852852,1774630593574275584,right,ON,2.7,4.53
2026-03-27T16:56:33.588793+00:00,5.058619,1774630593588792617,852868,1774630593590228224,right,ON,2.7,4.53
2026-03-27T16:56:33.605272+00:00,5.075098,1774630593605271517,852884,1774630593606216960,right,ON,2.7,4.53
2026-03-27T16:56:33.621818+00:00,5.091645,1774630593621818017,852900,1774630593622243840,right,ON,2.7,4.53
2026-03-27T16:56:33.637216+00:00,5.107043,1774630593637216217,852916,1774630593638208256,right,ON,2.7,4.53
2026-03-27T16:56:33.662838+00:00,5.132664,1774630593662837617,852932,1774630593654769152,right,ON,2.7,4.53
2026-03-27T16:56:33.669991+00:00,5.139818,1774630593669991117,852948,1774630593670786304,right,ON,2.7,4.44
2026-03-27T16:56:33.687020+00:00,5.156846,1774630593687019617,852964,1774630593686843136,right,ON,2.7,4.53
2026-03-27T16:56:33.701832+00:00,5.171659,1774630593701832017,852980,1774630593702833408,right,ON,2.7,4.53
2026-03-27T16:56:33.717364+00:00,5.187191,1774630593717363917,852996,1774630593718770688,right,ON,2.7,4.53
2026-03-27T16:56:33.733620+00:00,5.203447,1774630593733620417,853012,1774630593734738432,right,ON,2.7,4.53
2026-03-27T16:56:33.750181+00:00,5.220008,1774630593750181217,853028,1774630593750745344,right,ON,2.7,4.53
2026-03-27T16:56:33.765454+00:00,5.235281,1774630593765453917,853044,1774630593766690048,right,ON,2.7,4.53
2026-03-27T16:56:33.782070+00:00,5.251897,1774630593782069917,853060,1774630593782677248,right,ON,2.7,4.53
2026-03-27T16:56:33.798287+00:00,5.268114,1774630593798287117,853076,1774630593798691584,right,ON,2.7,4.53
2026-03-27T16:56:33.813875+00:00,5.283702,1774630593813875517,853092,1774630593814852352,right,ON,2.7,4.53
2026-03-27T16:56:33.830176+00:00,5.300003,1774630593830175717,853108,1774630593830852352,right,ON,2.7,4.53
2026-03-27T16:56:33.845738+00:00,5.315565,1774630593845738517,853124,1774630593846803200,right,ON,2.7,4.53
2026-03-27T16:56:33.861974+00:00,5.331801,1774630593861974217,853140,1774630593862776320,right,ON,2.7,4.53
2026-03-27T16:56:33.886338+00:00,5.356164,1774630593886337517,853156,1774630593879270400,right,ON,2.7,4.53
2026-03-27T16:56:33.893887+00:00,5.363714,1774630593893886717,853172,1774630593895212032,right,ON,2.7,4.53
2026-03-27T16:56:33.910686+00:00,5.380513,1774630593910685817,853188,1774630593911210496,right,ON,2.7,4.53
2026-03-27T16:56:33.926856+00:00,5.396682,1774630593926855617,853204,1774630593927231232,right,ON,2.7,4.53
2026-03-27T16:56:33.942148+00:00,5.411975,1774630593942147717,853220,1774630593943183360,right,ON,2.7,4.53
2026-03-27T16:56:33.958688+00:00,5.428515,1774630593958688017,853236,1774630593959177216,right,ON,2.7,4.53
2026-03-27T16:56:33.974003+00:00,5.443830,1774630593974003117,853252,1774630593975108864,right,ON,2.7,4.53
2026-03-27T16:56:33.990570+00:00,5.460397,1774630593990569717,853268,1774630593991083264,right,ON,2.7,4.53
2026-03-27T16:56:34.006839+00:00,5.476665,1774630594006838617,853284,1774630594007079168,right,ON,2.7,4.53
2026-03-27T16:56:34.022439+00:00,5.492266,1774630594022439217,853300,1774630594023030528,right,ON,2.7,4.53
2026-03-27T16:56:34.038683+00:00,5.508510,1774630594038683217,853316,1774630594039323392,right,ON,2.7,4.53
2026-03-27T16:56:34.055428+00:00,5.525255,1774630594055427917,853332,1774630594055367424,right,ON,2.7,4.53
2026-03-27T16:56:34.070527+00:00,5.540354,1774630594070526817,853348,1774630594071334656,right,ON,2.7,4.53
2026-03-27T16:56:34.094910+00:00,5.564737,1774630594094910417,853364,1774630594087824128,right,ON,2.7,4.53
2026-03-27T16:56:34.102418+00:00,5.572245,1774630594102417917,853380,1774630594103758336,right,ON,2.7,4.53
2026-03-27T16:56:34.119107+00:00,5.588934,1774630594119106717,853396,1774630594119741952,right,ON,2.7,4.53
2026-03-27T16:56:34.135246+00:00,5.605073,1774630594135245917,853412,1774630594135746304,right,ON,2.7,4.53
2026-03-27T16:56:34.150763+00:00,5.620589,1774630594150762417,853428,1774630594151696128,right,ON,2.7,4.53
2026-03-27T16:56:34.167037+00:00,5.636864,1774630594167036817,853444,1774630594167675904,right,ON,2.7,4.53
2026-03-27T16:56:34.183574+00:00,5.653401,1774630594183574017,853460,1774630594183694080,right,ON,2.7,4.53
2026-03-27T16:56:34.198872+00:00,5.668699,1774630594198871917,853476,1774630594199648768,right,ON,2.7,4.53
2026-03-27T16:56:34.215381+00:00,5.685208,1774630594215380817,853492,1774630594215642624,right,ON,2.7,4.53
2026-03-27T16:56:34.230912+00:00,5.700739,1774630594230911917,853508,1774630594231585792,right,ON,2.7,4.53
2026-03-27T16:56:34.247258+00:00,5.717085,1774630594247258217,853524,1774630594247856896,right,ON,2.7,4.44
2026-03-27T16:56:34.263822+00:00,5.733649,1774630594263821817,853540,1774630594263886592,right,ON,2.7,4.53
2026-03-27T16:56:34.279098+00:00,5.748924,1774630594279097617,853556,1774630594279851008,right,ON,2.7,4.53
2026-03-27T16:56:34.295609+00:00,5.765436,1774630594295608717,853572,1774630594295851264,right,ON,2.7,4.53
2026-03-27T16:56:34.311896+00:00,5.781723,1774630594311896217,853588,1774630594311876864,right,ON,2.7,4.44
2026-03-27T16:56:34.334608+00:00,5.804435,1774630594334608217,853604,1774630594328291328,right,ON,2.7,4.53
2026-03-27T16:56:34.343794+00:00,5.813621,1774630594343794217,853620,1774630594344285696,right,ON,2.7,4.53
2026-03-27T16:56:34.359204+00:00,5.829031,1774630594359203817,853636,1774630594360227328,right,ON,2.7,4.53
2026-03-27T16:56:34.375594+00:00,5.845421,1774630594375594617,853652,1774630594376198400,right,ON,2.7,4.53
2026-03-27T16:56:34.392088+00:00,5.861915,1774630594392088117,853668,1774630594392213248,right,ON,2.7,4.44
2026-03-27T16:56:34.407385+00:00,5.877212,1774630594407384817,853684,1774630594408157440,right,ON,2.7,4.53
2026-03-27T16:56:34.423963+00:00,5.893790,1774630594423962917,853700,1774630594424145920,right,ON,2.7,4.53
2026-03-27T16:56:34.440451+00:00,5.910278,1774630594440450817,853716,1774630594440175872,right,ON,2.7,4.53
2026-03-27T16:56:34.455854+00:00,5.925681,1774630594455853817,853732,1774630594456142848,right,ON,2.7,4.53
2026-03-27T16:56:34.472436+00:00,5.942263,1774630594472436217,853748,1774630594472434688,right,ON,2.7,4.53
2026-03-27T16:56:34.487759+00:00,5.957585,1774630594487758517,853764,1774630594488516352,right,ON,2.7,4.53
2026-03-27T16:56:34.504059+00:00,5.973886,1774630594504059317,853780,1774630594504513792,right,ON,2.7,4.53
2026-03-27T16:56:34.520896+00:00,5.990723,1774630594520896517,853796,1774630594520568064,right,ON,2.7,4.53
2026-03-27T16:56:34.535938+00:00,6.005765,1774630594535937817,853812,1774630594536540928,right,ON,2.7,4.53
2026-03-27T16:56:34.558557+00:00,6.028384,1774630594558557017,853828,1774630594552923904,right,ON,2.7,4.53
2026-03-27T16:56:34.568818+00:00,6.038645,1774630594568817717,853844,1774630594568957696,right,ON,2.7,4.53
2026-03-27T16:56:34.585613+00:00,6.055439,1774630594585612617,853860,1774630594585015552,right,ON,2.7,4.53
2026-03-27T16:56:34.600583+00:00,6.070410,1774630594600582717,853876,1774630594601019392,right,ON,2.7,4.53
2026-03-27T16:56:34.616124+00:00,6.085951,1774630594616124017,853892,1774630594616969984,right,ON,2.7,4.53
2026-03-27T16:56:34.632452+00:00,6.102279,1774630594632452317,853908,1774630594632950528,right,ON,2.7,4.53
2026-03-27T16:56:34.648941+00:00,6.118768,1774630594648940817,853924,1774630594648973568,right,ON,2.7,4.53
2026-03-27T16:56:34.664277+00:00,6.134104,1774630594664277017,853940,1774630594664932608,right,ON,2.7,4.53
2026-03-27T16:56:34.680811+00:00,6.150638,1774630594680810917,853956,1774630594681220608,right,ON,2.7,4.53
2026-03-27T16:56:34.697278+00:00,6.167105,1774630594697278517,853972,1774630594697269248,right,ON,2.7,4.53
2026-03-27T16:56:34.712601+00:00,6.182428,1774630594712601417,853988,1774630594713304064,right,ON,2.7,4.53
2026-03-27T16:56:34.729119+00:00,6.198946,1774630594729118917,854004,1774630594729331200,right,ON,2.7,4.53
2026-03-27T16:56:34.744421+00:00,6.214248,1774630594744420717,854020,1774630594745296384,right,ON,2.7,4.53
2026-03-27T16:56:34.766071+00:00,6.235898,1774630594766070717,854036,1774630594761609728,right,ON,2.7,4.53
2026-03-27T16:56:34.777334+00:00,6.247161,1774630594777333817,854052,1774630594777639424,right,ON,2.7,4.53
2026-03-27T16:56:34.793342+00:00,6.263169,1774630594793342517,854068,1774630594793642752,right,ON,2.7,4.53
2026-03-27T16:56:34.809112+00:00,6.278939,1774630594809112417,854084,1774630594809645312,right,ON,2.7,4.53
2026-03-27T16:56:34.825600+00:00,6.295427,1774630594825600017,854100,1774630594825679872,right,ON,2.7,4.53
2026-03-27T16:56:34.840923+00:00,6.310749,1774630594840922617,854116,1774630594841655808,right,ON,2.7,4.53
2026-03-27T16:56:34.857440+00:00,6.327266,1774630594857439517,854132,1774630594857668096,right,ON,2.7,4.53
2026-03-27T16:56:34.872788+00:00,6.342615,1774630594872787917,854148,1774630594873622272,right,ON,2.7,4.53
2026-03-27T16:56:34.889352+00:00,6.359179,1774630594889352317,854164,1774630594889613824,right,ON,2.7,4.53
2026-03-27T16:56:34.905716+00:00,6.375543,1774630594905715717,854180,1774630594905883904,right,ON,2.7,4.53
2026-03-27T16:56:34.921140+00:00,6.390967,1774630594921140417,854196,1774630594921861632,right,ON,2.7,4.53
2026-03-27T16:56:34.937408+00:00,6.407235,1774630594937407817,854212,1774630594937875968,right,ON,2.7,4.53
2026-03-27T16:56:34.953974+00:00,6.423801,1774630594953974617,854228,1774630594953926400,right,ON,2.7,4.44
2026-03-27T16:56:34.969313+00:00,6.439140,1774630594969312717,854244,1774630594969909504,right,ON,2.7,4.53
2026-03-27T16:56:34.989968+00:00,6.459795,1774630594989968117,854260,1774630594986189312,right,ON,2.7,4.44
2026-03-27T16:56:35.001061+00:00,6.470888,1774630595001061417,854276,1774630595002137600,right,ON,2.7,4.53
2026-03-27T16:56:35.017836+00:00,6.487663,1774630595017835917,854292,1774630595018146560,right,ON,2.7,4.53
2026-03-27T16:56:35.033900+00:00,6.503726,1774630595033899417,854308,1774630595034162944,right,ON,2.7,4.53
2026-03-27T16:56:35.049454+00:00,6.519281,1774630595049454317,854324,1774630595050135296,right,ON,2.7,4.53
2026-03-27T16:56:35.065751+00:00,6.535577,1774630595065750617,854340,1774630595066129152,right,ON,2.7,4.53
2026-03-27T16:56:35.082509+00:00,6.552335,1774630595082508417,854356,1774630595082188032,right,ON,2.7,4.53
2026-03-27T16:56:35.097788+00:00,6.567615,1774630595097788217,854372,1774630595098170368,right,ON,2.7,4.53
2026-03-27T16:56:35.114220+00:00,6.584047,1774630595114219717,854388,1774630595114436352,right,ON,2.7,4.53
2026-03-27T16:56:35.129656+00:00,6.599482,1774630595129655617,854404,1774630595130409216,right,ON,2.7,4.53
2026-03-27T16:56:35.146049+00:00,6.615876,1774630595146049317,854420,1774630595146422784,right,ON,2.7,4.53
2026-03-27T16:56:35.162605+00:00,6.632432,1774630595162605417,854436,1774630595162470912,right,ON,2.7,4.53
2026-03-27T16:56:35.177816+00:00,6.647643,1774630595177815917,854452,1774630595178450688,right,ON,2.7,4.53
2026-03-27T16:56:35.198673+00:00,6.668499,1774630595198672517,854468,1774630595194730752,right,ON,2.7,4.53
2026-03-27T16:56:35.210711+00:00,6.680538,1774630595210711517,854484,1774630595210775040,right,ON,2.7,4.53
2026-03-27T16:56:35.226144+00:00,6.695971,1774630595226144317,854500,1774630595226758400,right,ON,2.7,4.53
2026-03-27T16:56:35.242462+00:00,6.712289,1774630595242461817,854516,1774630595242772224,right,ON,2.7,4.53
2026-03-27T16:56:35.258024+00:00,6.727850,1774630595258023517,854532,1774630595258739968,right,ON,2.7,4.53
2026-03-27T16:56:35.274263+00:00,6.744090,1774630595274262717,854548,1774630595274728960,right,ON,2.7,4.53
2026-03-27T16:56:35.290979+00:00,6.760806,1774630595290978917,854564,1774630595290774784,right,ON,2.7,4.53
2026-03-27T16:56:35.306161+00:00,6.775988,1774630595306161017,854580,1774630595306743552,right,ON,2.7,4.53
2026-03-27T16:56:35.322676+00:00,6.792503,1774630595322676417,854596,1774630595322755328,right,ON,2.7,4.53
2026-03-27T16:56:35.339413+00:00,6.809240,1774630595339413017,854612,1774630595338816512,right,ON,2.7,4.53
2026-03-27T16:56:35.354544+00:00,6.824371,1774630595354544117,854628,1774630595355029504,right,ON,2.7,4.53
2026-03-27T16:56:35.371181+00:00,6.841008,1774630595371181417,854644,1774630595371074304,right,ON,2.7,4.53
2026-03-27T16:56:35.386458+00:00,6.856284,1774630595386457517,854660,1774630595387051264,right,ON,2.7,4.53
2026-03-27T16:56:35.402844+00:00,6.872671,1774630595402843817,854676,1774630595403059712,right,ON,2.7,4.53
2026-03-27T16:56:35.422217+00:00,6.892044,1774630595422217017,854692,1774630595419284736,right,ON,2.7,4.53
2026-03-27T16:56:35.434633+00:00,6.904459,1774630595434632617,854708,1774630595435260160,right,ON,2.7,4.53
2026-03-27T16:56:35.450968+00:00,6.920795,1774630595450968317,854724,1774630595451269376,right,ON,2.7,4.53
2026-03-27T16:56:35.467750+00:00,6.937577,1774630595467750317,854740,1774630595467337216,right,ON,2.7,4.53
2026-03-27T16:56:35.482794+00:00,6.952621,1774630595482794217,854756,1774630595483323392,right,ON,2.7,4.53
2026-03-27T16:56:35.499423+00:00,6.969250,1774630595499423217,854772,1774630595499361792,right,ON,2.7,4.53
2026-03-27T16:56:35.514668+00:00,6.984495,1774630595514667717,854788,1774630595515328768,right,ON,2.7,4.53
2026-03-27T16:56:35.531246+00:00,7.001073,1774630595531245717,854804,1774630595531335936,right,ON,2.7,4.53
2026-03-27T16:56:35.548136+00:00,7.017963,1774630595548136417,854820,1774630595547419136,right,ON,2.7,4.53
2026-03-27T16:56:35.563063+00:00,7.032890,1774630595563063017,854836,1774630595563402240,right,ON,2.7,4.53
2026-03-27T16:56:35.579320+00:00,7.049147,1774630595579320317,854852,1774630595579603456,right,ON,2.7,4.53
2026-03-27T16:56:35.595976+00:00,7.065803,1774630595595976117,854868,1774630595595670016,right,ON,2.7,4.53
2026-03-27T16:56:35.611352+00:00,7.081179,1774630595611352317,854884,1774630595611718656,right,ON,2.7,4.53
2026-03-27T16:56:35.630933+00:00,7.100759,1774630595630932517,854900,1774630595627951360,right,ON,2.7,4.53
2026-03-27T16:56:35.643251+00:00,7.113078,1774630595643250917,854916,1774630595643935744,right,ON,2.7,4.53
2026-03-27T16:56:35.659590+00:00,7.129417,1774630595659590417,854932,1774630595659946496,right,ON,2.7,4.53
2026-03-27T16:56:35.676301+00:00,7.146128,1774630595676300717,854948,1774630595676011520,right,ON,2.7,4.53
2026-03-27T16:56:35.691456+00:00,7.161283,1774630595691456317,854964,1774630595691999488,right,ON,2.7,4.53
2026-03-27T16:56:35.707891+00:00,7.177718,1774630595707890917,854980,1774630595708025600,right,ON,2.7,4.53
2026-03-27T16:56:35.724395+00:00,7.194222,1774630595724395317,854996,1774630595724093184,right,ON,2.7,4.53
2026-03-27T16:56:35.739667+00:00,7.209494,1774630595739666917,855012,1774630595740090368,right,ON,2.7,4.53
2026-03-27T16:56:35.756140+00:00,7.225967,1774630595756140417,855028,1774630595756128256,right,ON,2.7,4.53
2026-03-27T16:56:35.771528+00:00,7.241354,1774630595771527617,855044,1774630595772102656,right,ON,2.7,4.53
2026-03-27T16:56:35.788015+00:00,7.257842,1774630595788014717,855060,1774630595788278784,right,ON,2.7,4.53
2026-03-27T16:56:35.804455+00:00,7.274282,1774630595804454717,855076,1774630595804336640,right,ON,2.7,4.53
2026-03-27T16:56:35.819768+00:00,7.289595,1774630595819768217,855092,1774630595820348416,right,ON,2.7,4.53
2026-03-27T16:56:35.836322+00:00,7.306149,1774630595836322317,855108,1774630595836383488,right,ON,2.7,4.53
2026-03-27T16:56:35.852628+00:00,7.322454,1774630595852627517,855124,1774630595852447744,right,ON,2.7,4.53
2026-03-27T16:56:35.870061+00:00,7.339888,1774630595870060917,855140,1774630595868573952,right,ON,2.7,4.53
2026-03-27T16:56:35.884445+00:00,7.354272,1774630595884445417,855156,1774630595884610304,right,ON,2.7,4.53
2026-03-27T16:56:35.900031+00:00,7.369858,1774630595900031017,855172,1774630595900596224,right,ON,2.7,4.53
2026-03-27T16:56:35.916268+00:00,7.386095,1774630595916267817,855188,1774630595916610048,right,ON,2.8,4.61
2026-03-27T16:56:35.932863+00:00,7.402690,1774630595932862817,855204,1774630595932667392,right,ON,2.7,4.53
2026-03-27T16:56:35.948109+00:00,7.417936,1774630595948108817,855220,1774630595948655872,right,ON,2.8,4.61
2026-03-27T16:56:35.964697+00:00,7.434524,1774630595964696717,855236,1774630595964684544,right,ON,2.7,4.53
2026-03-27T16:56:35.981222+00:00,7.451049,1774630595981221717,855252,1774630595980758272,right,ON,2.7,4.53
2026-03-27T16:56:35.996522+00:00,7.466348,1774630595996521617,855268,1774630595996763648,right,ON,2.7,4.53
2026-03-27T16:56:36.013193+00:00,7.483020,1774630596013193317,855284,1774630596012951040,right,ON,2.8,4.61
2026-03-27T16:56:36.028352+00:00,7.498179,1774630596028352417,855300,1774630596028934912,right,ON,2.7,4.53
2026-03-27T16:56:36.044798+00:00,7.514625,1774630596044798217,855316,1774630596044965376,right,ON,2.8,4.61
2026-03-27T16:56:36.061249+00:00,7.531076,1774630596061249117,855332,1774630596061021184,right,ON,2.7,4.53
2026-03-27T16:56:36.076628+00:00,7.546455,1774630596076628017,855348,1774630596077020160,right,ON,2.7,4.53
2026-03-27T16:56:36.094189+00:00,7.564016,1774630596094188917,855364,1774630596093119232,right,ON,2.7,4.53
2026-03-27T16:56:36.109597+00:00,7.579424,1774630596109597517,855380,1774630596109199360,right,ON,2.8,4.61
2026-03-27T16:56:36.124863+00:00,7.594690,1774630596124862917,855396,1774630596125207808,right,ON,2.7,4.53
2026-03-27T16:56:36.141389+00:00,7.611216,1774630596141389017,855412,1774630596141257216,right,ON,2.7,4.53
2026-03-27T16:56:36.156715+00:00,7.626542,1774630596156715217,855428,1774630596157243648,right,ON,2.8,4.61
2026-03-27T16:56:36.173193+00:00,7.643020,1774630596173193217,855444,1774630596173266944,right,ON,2.8,4.61
2026-03-27T16:56:36.189555+00:00,7.659382,1774630596189555517,855460,1774630596189325056,right,ON,2.8,4.61
2026-03-27T16:56:36.205034+00:00,7.674861,1774630596205034217,855476,1774630596205323008,right,ON,2.8,4.61
2026-03-27T16:56:36.221397+00:00,7.691224,1774630596221397017,855492,1774630596221489664,right,ON,2.7,4.53
2026-03-27T16:56:36.237999+00:00,7.707826,1774630596237998917,855508,1774630596237571072,right,ON,2.8,4.61
2026-03-27T16:56:36.253236+00:00,7.723063,1774630596253235717,855524,1774630596253583616,right,ON,2.8,4.61
2026-03-27T16:56:36.269854+00:00,7.739681,1774630596269854217,855540,1774630596269639424,right,ON,2.8,4.61
2026-03-27T16:56:36.285074+00:00,7.754901,1774630596285073717,855556,1774630596285629184,right,ON,2.7,4.53
2026-03-27T16:56:36.302779+00:00,7.772606,1774630596302779417,855572,1774630596301725696,right,ON,2.8,4.61
2026-03-27T16:56:36.317919+00:00,7.787745,1774630596317918417,855588,1774630596317785600,right,ON,2.7,4.53
2026-03-27T16:56:36.333443+00:00,7.803270,1774630596333443417,855604,1774630596333787136,right,ON,2.7,4.53
2026-03-27T16:56:36.349754+00:00,7.819581,1774630596349754317,855620,1774630596349818624,right,ON,2.7,4.53
2026-03-27T16:56:36.366304+00:00,7.836131,1774630596366303817,855636,1774630596365902336,right,ON,2.7,4.53
2026-03-27T16:56:36.381651+00:00,7.851478,1774630596381650717,855652,1774630596381914880,right,ON,2.8,4.61
2026-03-27T16:56:36.398113+00:00,7.867940,1774630596398112717,855668,1774630596397971200,right,ON,2.7,4.53
2026-03-27T16:56:36.413577+00:00,7.883404,1774630596413577317,855684,1774630596413967872,right,ON,2.7,4.53
2026-03-27T16:56:36.430000+00:00,7.899827,1774630596430000317,855700,1774630596429997824,right,ON,2.7,4.53
2026-03-27T16:56:36.446501+00:00,7.916328,1774630596446500717,855716,1774630596446159360,right,ON,2.7,4.53
2026-03-27T16:56:36.461777+00:00,7.931604,1774630596461777517,855732,1774630596462164224,right,ON,2.8,4.61
2026-03-27T16:56:36.478302+00:00,7.948129,1774630596478301917,855748,1774630596478206976,right,ON,2.7,4.53
2026-03-27T16:56:36.494644+00:00,7.964471,1774630596494644517,855764,1774630596494290432,right,ON,2.8,4.61
2026-03-27T16:56:36.510095+00:00,7.979922,1774630596510095317,855780,1774630596510306048,right,ON,2.7,4.53
2026-03-27T16:56:36.526689+00:00,7.996515,1774630596526688417,855796,1774630596526373120,right,ON,2.8,4.61
2026-03-27T16:56:36.541952+00:00,8.011779,1774630596541951717,855812,1774630596542366720,right,ON,2.8,4.61
2026-03-27T16:56:36.565367+00:00,8.035194,1774630596565367617,855828,1774630596558826496,right,ON,2.7,4.53
2026-03-27T16:56:36.574791+00:00,8.044618,1774630596574790817,855844,1774630596574897920,right,ON,2.8,4.61
2026-03-27T16:56:36.590074+00:00,8.059900,1774630596590073617,855860,1774630596590888192,right,ON,2.7,4.53
2026-03-27T16:56:36.606618+00:00,8.076444,1774630596606617517,855876,1774630596606915328,right,ON,2.7,4.53
2026-03-27T16:56:36.623160+00:00,8.092986,1774630596623159617,855892,1774630596622991104,right,ON,2.8,4.61
2026-03-27T16:56:36.638445+00:00,8.108271,1774630596638444417,855908,1774630596638999296,right,ON,2.8,4.61
2026-03-27T16:56:36.654983+00:00,8.124809,1774630596654982617,855924,1774630596655148032,right,ON,2.8,4.61
2026-03-27T16:56:36.670294+00:00,8.140120,1774630596670293617,855940,1774630596671139328,right,ON,2.7,4.53
2026-03-27T16:56:36.686791+00:00,8.156618,1774630596686791417,855956,1774630596687167232,right,ON,2.8,4.61
2026-03-27T16:56:36.703192+00:00,8.173019,1774630596703192417,855972,1774630596703237120,right,ON,2.7,4.53
2026-03-27T16:56:36.718597+00:00,8.188424,1774630596718597017,855988,1774630596719240448,right,ON,2.7,4.53
2026-03-27T16:56:36.735213+00:00,8.205039,1774630596735212617,856004,1774630596735290112,right,ON,2.7,4.53
2026-03-27T16:56:36.751501+00:00,8.221328,1774630596751501417,856020,1774630596751368448,right,ON,2.7,4.53
2026-03-27T16:56:36.766887+00:00,8.236713,1774630596766886617,856036,1774630596767382016,right,ON,2.7,4.53
2026-03-27T16:56:36.783347+00:00,8.253174,1774630596783346817,856052,1774630596783433984,right,ON,2.7,4.53
2026-03-27T16:56:36.798655+00:00,8.268482,1774630596798655317,856068,1774630596799419392,right,ON,2.7,4.53
2026-03-27T16:56:36.815152+00:00,8.284979,1774630596815151717,856084,1774630596815446272,right,ON,2.7,4.53
2026-03-27T16:56:36.831540+00:00,8.301367,1774630596831539917,856100,1774630596831506432,right,ON,2.7,4.53
2026-03-27T16:56:36.847014+00:00,8.316840,1774630596847013617,856116,1774630596847507968,right,ON,2.7,4.53
2026-03-27T16:56:36.863368+00:00,8.333195,1774630596863367717,856132,1774630596863543808,right,ON,2.7,4.53
2026-03-27T16:56:36.879867+00:00,8.349694,1774630596879867117,856148,1774630596879615488,right,ON,2.7,4.53
2026-03-27T16:56:36.895204+00:00,8.365031,1774630596895203817,856164,1774630596895686912,right,ON,2.8,4.61
2026-03-27T16:56:36.911715+00:00,8.381542,1774630596911714717,856180,1774630596911737088,right,ON,2.8,4.61
2026-03-27T16:56:36.927070+00:00,8.396897,1774630596927070217,856196,1774630596927730432,right,ON,2.7,4.53
2026-03-27T16:56:36.943537+00:00,8.413364,1774630596943536817,856212,1774630596943755008,right,ON,2.7,4.53
2026-03-27T16:56:36.959966+00:00,8.429793,1774630596959966017,856228,1774630596959820032,right,ON,2.7,4.53
2026-03-27T16:56:36.975361+00:00,8.445188,1774630596975360917,856244,1774630596975820032,right,ON,2.7,4.53
2026-03-27T16:56:36.996868+00:00,8.466694,1774630596996867517,856260,1774630596992169728,right,ON,2.8,4.61
2026-03-27T16:56:37.008238+00:00,8.478064,1774630597008237517,856276,1774630597008241664,right,ON,2.8,4.61
2026-03-27T16:56:37.023566+00:00,8.493393,1774630597023566217,856292,1774630597024245760,right,ON,2.7,4.53
2026-03-27T16:56:37.040087+00:00,8.509914,1774630597040087017,856308,1774630597040299008,right,ON,2.7,4.53
2026-03-27T16:56:37.055562+00:00,8.525388,1774630597055561617,856324,1774630597056289280,right,ON,2.7,4.53
2026-03-27T16:56:37.071905+00:00,8.541732,1774630597071905117,856340,1774630597072309760,right,ON,2.7,4.53
2026-03-27T16:56:37.088406+00:00,8.558232,1774630597088405617,856356,1774630597088370688,right,ON,2.8,4.61
2026-03-27T16:56:37.103734+00:00,8.573561,1774630597103733817,856372,1774630597104366336,right,ON,2.7,4.53
2026-03-27T16:56:37.120242+00:00,8.590069,1774630597120242317,856388,1774630597120437504,right,ON,2.7,4.53
2026-03-27T16:56:37.136585+00:00,8.606411,1774630597136584417,856404,1774630597136508416,right,ON,2.7,4.53
2026-03-27T16:56:37.151990+00:00,8.621817,1774630597151989717,856420,1774630597152515328,right,ON,2.8,4.61
2026-03-27T16:56:37.168452+00:00,8.638279,1774630597168452417,856436,1774630597168562688,right,ON,2.7,4.53
2026-03-27T16:56:37.183823+00:00,8.653649,1774630597183822617,856452,1774630597184545792,right,ON,2.8,4.61
2026-03-27T16:56:37.200431+00:00,8.670257,1774630597200430517,856468,1774630597200576768,right,ON,2.7,4.53
2026-03-27T16:56:37.216682+00:00,8.686509,1774630597216682217,856484,1774630597216629760,right,ON,2.8,4.61
2026-03-27T16:56:37.232011+00:00,8.701837,1774630597232010517,856500,1774630597232620800,right,ON,2.7,4.53
2026-03-27T16:56:37.248532+00:00,8.718359,1774630597248531717,856516,1774630597248650496,right,ON,2.8,4.61
2026-03-27T16:56:37.265033+00:00,8.734859,1774630597265032617,856532,1774630597264725504,right,ON,2.7,4.53
2026-03-27T16:56:37.280370+00:00,8.750197,1774630597280370517,856548,1774630597280731648,right,ON,2.7,4.53
2026-03-27T16:56:37.296850+00:00,8.766676,1774630597296849617,856564,1774630597296781824,right,ON,2.8,4.61
2026-03-27T16:56:37.312202+00:00,8.782029,1774630597312202517,856580,1774630597312763904,right,ON,2.7,4.53
2026-03-27T16:56:37.328800+00:00,8.798627,1774630597328800417,856596,1774630597328831232,right,ON,2.7,4.53
2026-03-27T16:56:37.345025+00:00,8.814851,1774630597345024417,856612,1774630597344882176,right,ON,2.7,4.53
2026-03-27T16:56:37.360538+00:00,8.830365,1774630597360537917,856628,1774630597360884480,right,ON,2.7,4.53
2026-03-27T16:56:37.376874+00:00,8.846701,1774630597376874617,856644,1774630597376912384,right,ON,2.7,4.53
2026-03-27T16:56:37.397657+00:00,8.867484,1774630597397657117,856660,1774630597393245184,right,ON,2.7,4.53
2026-03-27T16:56:37.408880+00:00,8.878707,1774630597408879717,856676,1774630597409255168,right,ON,2.7,4.53
2026-03-27T16:56:37.425584+00:00,8.895411,1774630597425584217,856692,1774630597425317632,right,ON,2.7,4.53
2026-03-27T16:56:37.440789+00:00,8.910616,1774630597440788717,856708,1774630597441310208,right,ON,2.7,4.53
2026-03-27T16:56:37.458183+00:00,8.928010,1774630597458183117,856724,1774630597457396224,right,ON,2.7,4.53
2026-03-27T16:56:37.474142+00:00,8.943969,1774630597474142217,856740,1774630597473489408,right,OFF,2.7,4.53
