timestamp,time_seconds,timestamp_ns,t_ms,t_ms_corrected_ns,drift_quality,gripper_side,sw,opening_mm,angle_deg
2026-04-21T13:58:05.799953+00:00,70.440595,1776779885799952817,86388,1776779885799952817,rough_corrected,left,OFF,0.0,-0.18
2026-04-21T13:58:05.815168+00:00,70.456595,1776779885815168117,86404,1776779885815952817,rough_corrected,left,OFF,0.0,-0.18
2026-04-21T13:58:05.831702+00:00,70.472595,1776779885831701917,86420,1776779885831952817,rough_corrected,left,OFF,0.0,-0.18
2026-04-21T13:58:05.848007+00:00,0.030963,1776779885848007117,86436,1776779885847812096,corrected,left,OFF,0.0,-0.18
2026-04-21T13:58:05.863523+00:00,0.046818,1776779885863523217,86452,1776779885863666688,corrected,left,OFF,0.0,-0.18
2026-04-21T13:58:05.880015+00:00,0.062999,1776779885880014517,86468,1776779885879847936,corrected,left,OFF,0.0,-0.18
2026-04-21T13:58:05.751601+00:00,-0.065010,1776779885751600917,86340,1776779885751838720,corrected,left,OFF,0.0,-0.26
2026-04-21T13:58:05.776947+00:00,-0.048407,1776779885776947217,86356,1776779885768442112,corrected,left,OFF,0.0,-0.18
2026-04-21T13:58:05.783354+00:00,-0.032425,1776779885783353517,86372,1776779885784424192,corrected,left,OFF,0.0,-0.26
2026-04-21T13:58:05.899696+00:00,0.080812,1776779885899696217,86484,1776779885897660416,corrected,left,OFF,0.0,-0.26
2026-04-21T13:58:05.911840+00:00,0.096319,1776779885911840517,86500,1776779885913167616,corrected,left,OFF,0.0,-0.26
2026-04-21T13:58:05.928400+00:00,0.112194,1776779885928400117,86516,1776779885929042944,corrected,left,OFF,0.0,-0.26
2026-04-21T13:58:05.943734+00:00,0.127871,1776779885943734217,86532,1776779885944719616,corrected,left,OFF,0.0,-0.26
2026-04-21T13:58:05.960187+00:00,0.143779,1776779885960186617,86548,1776779885960628224,corrected,left,OFF,0.0,-0.26
2026-04-21T13:58:05.976729+00:00,0.159869,1776779885976729017,86564,1776779885976718080,corrected,left,OFF,0.0,-0.26
2026-04-21T13:58:05.992052+00:00,0.175748,1776779885992052317,86580,1776779885992597248,corrected,left,OFF,0.0,-0.26
2026-04-21T13:58:06.008615+00:00,0.191798,1776779886008615017,86596,1776779886008647168,corrected,left,OFF,0.0,-0.26
2026-04-21T13:58:06.024909+00:00,0.207907,1776779886024908417,86612,1776779886024755712,corrected,left,OFF,0.0,-0.26
2026-04-21T13:58:06.040402+00:00,0.223876,1776779886040402517,86628,1776779886040725248,corrected,left,OFF,0.0,-0.18
2026-04-21T13:58:06.056938+00:00,0.239966,1776779886056938517,86644,1776779886056814848,corrected,left,OFF,0.0,-0.18
2026-04-21T13:58:06.072171+00:00,0.255881,1776779886072171317,86660,1776779886072729856,corrected,left,OFF,0.0,-0.26
2026-04-21T13:58:06.088728+00:00,0.271918,1776779886088727717,86676,1776779886088766720,corrected,left,OFF,0.0,-0.26
2026-04-21T13:58:06.108752+00:00,0.288695,1776779886108751517,86692,1776779886105543936,corrected,left,OFF,0.0,-0.26
2026-04-21T13:58:06.120622+00:00,0.304615,1776779886120622317,86708,1776779886121464064,corrected,left,OFF,0.0,-0.18
2026-04-21T13:58:06.137037+00:00,0.320616,1776779886137036617,86724,1776779886137465088,corrected,left,OFF,0.0,-0.26
2026-04-21T13:58:06.153550+00:00,0.336699,1776779886153549617,86740,1776779886153547776,corrected,left,OFF,0.0,-0.26
2026-04-21T13:58:06.168893+00:00,0.352666,1776779886168893317,86756,1776779886169514752,corrected,left,OFF,0.0,-0.26
2026-04-21T13:58:06.185391+00:00,0.368711,1776779886185391417,86772,1776779886185560064,corrected,left,OFF,0.0,-0.18
2026-04-21T13:58:06.200695+00:00,0.384648,1776779886200694717,86788,1776779886201497088,corrected,left,OFF,0.0,-0.26
2026-04-21T13:58:06.217240+00:00,0.400668,1776779886217239517,86804,1776779886217517056,corrected,left,OFF,0.0,-0.18
2026-04-21T13:58:06.233724+00:00,0.416750,1776779886233723817,86820,1776779886233599232,corrected,left,OFF,0.0,-0.18
2026-04-21T13:58:06.249047+00:00,0.432733,1776779886249047317,86836,1776779886249582336,corrected,left,OFF,0.0,-0.18
2026-04-21T13:58:06.265434+00:00,0.448766,1776779886265433923,86852,1776779886265615360,corrected,left,OFF,0.0,0.0
2026-04-21T13:58:06.284061+00:00,0.465118,1776779886284060723,86868,1776779886281967360,corrected,left,OFF,1.1,2.02
2026-04-21T13:58:06.297419+00:00,0.481117,1776779886297419323,86884,1776779886297965824,corrected,left,OFF,2.9,5.1
2026-04-21T13:58:06.313942+00:00,0.497175,1776779886313942523,86900,1776779886314024192,corrected,left,OFF,5.2,9.14
2026-04-21T13:58:06.329268+00:00,0.513151,1776779886329268023,86916,1776779886329999872,corrected,left,OFF,7.6,13.45
2026-04-21T13:58:06.345848+00:00,0.529192,1776779886345847823,86932,1776779886346040576,corrected,left,OFF,10.4,18.28
2026-04-21T13:58:06.362358+00:00,0.545282,1776779886362357623,86948,1776779886362131200,corrected,left,OFF,13.9,23.64
2026-04-21T13:58:06.377600+00:00,0.561285,1776779886377600523,86964,1776779886378133760,corrected,left,OFF,17.4,29.0
2026-04-21T13:58:06.394162+00:00,0.577343,1776779886394161623,86980,1776779886394192384,corrected,left,OFF,21.2,34.63
2026-04-21T13:58:06.410657+00:00,0.593445,1776779886410657023,86996,1776779886410294016,corrected,left,OFF,25.4,40.34
2026-04-21T13:58:06.425927+00:00,0.609467,1776779886425927023,87012,1776779886426316032,corrected,left,OFF,29.6,46.05
2026-04-21T13:58:06.442437+00:00,0.625534,1776779886442437123,87028,1776779886442383360,corrected,left,OFF,34.7,52.56
2026-04-21T13:58:06.457933+00:00,0.641550,1776779886457933223,87044,1776779886458398464,corrected,left,OFF,39.0,57.92
2026-04-21T13:58:06.474373+00:00,0.657602,1776779886474372723,87060,1776779886474450944,corrected,left,OFF,42.7,62.58
2026-04-21T13:58:06.491863+00:00,0.673781,1776779886491863123,87076,1776779886490629888,corrected,left,OFF,45.9,66.53
2026-04-21T13:58:06.506274+00:00,0.689809,1776779886506274523,87092,1776779886506658048,corrected,left,OFF,49.2,70.58
2026-04-21T13:58:06.522649+00:00,0.705866,1776779886522649123,87108,1776779886522714880,corrected,left,OFF,53.0,75.32
2026-04-21T13:58:06.539106+00:00,0.721956,1776779886539105923,87124,1776779886538804736,corrected,left,OFF,55.9,79.01
2026-04-21T13:58:06.554622+00:00,0.738000,1776779886554622423,87140,1776779886554848512,corrected,left,OFF,57.9,81.56
2026-04-21T13:58:06.570941+00:00,0.754065,1776779886570941523,87156,1776779886570914048,corrected,left,OFF,59.8,84.02
2026-04-21T13:58:06.586397+00:00,0.770083,1776779886586397223,87172,1776779886586931968,corrected,left,OFF,61.2,86.13
2026-04-21T13:58:06.603150+00:00,0.786157,1776779886603150223,87188,1776779886603005696,corrected,left,OFF,62.6,88.33
2026-04-21T13:58:06.619339+00:00,0.802239,1776779886619339023,87204,1776779886619088128,corrected,left,OFF,64.0,90.44
2026-04-21T13:58:06.634875+00:00,0.818281,1776779886634875423,87220,1776779886635130368,corrected,left,OFF,65.1,92.11
2026-04-21T13:58:06.651128+00:00,0.834339,1776779886651128223,87236,1776779886651187968,corrected,left,OFF,65.8,93.16
2026-04-21T13:58:06.667630+00:00,0.850428,1776779886667630223,87252,1776779886667276800,corrected,left,OFF,66.3,93.87
2026-04-21T13:58:06.683137+00:00,0.866477,1776779886683137523,87268,1776779886683325440,corrected,left,OFF,67.2,95.36
2026-04-21T13:58:06.699501+00:00,0.882547,1776779886699500823,87284,1776779886699395584,corrected,left,OFF,68.2,96.86
2026-04-21T13:58:06.714927+00:00,0.898574,1776779886714927323,87300,1776779886715422464,corrected,left,OFF,68.4,97.12
2026-04-21T13:58:06.732198+00:00,0.914682,1776779886732198223,87316,1776779886731531264,corrected,left,OFF,68.4,97.12
2026-04-21T13:58:06.747779+00:00,0.930757,1776779886747779423,87332,1776779886747606016,corrected,left,OFF,68.4,97.21
2026-04-21T13:58:06.763473+00:00,0.946808,1776779886763472523,87348,1776779886763656704,corrected,left,OFF,68.4,97.21
2026-04-21T13:58:06.779804+00:00,0.962876,1776779886779803723,87364,1776779886779724800,corrected,left,OFF,68.4,97.21
2026-04-21T13:58:06.796133+00:00,0.978960,1776779886796133023,87380,1776779886795809024,corrected,left,OFF,68.4,97.21
2026-04-21T13:58:06.811604+00:00,0.995007,1776779886811603623,87396,1776779886811856128,corrected,left,OFF,68.4,97.21
2026-04-21T13:58:06.828132+00:00,1.011085,1776779886828132123,87412,1776779886827934208,corrected,left,OFF,68.4,97.12
2026-04-21T13:58:06.843463+00:00,1.027092,1776779886843462623,87428,1776779886843941120,corrected,left,OFF,68.4,97.21
2026-04-21T13:58:06.860039+00:00,1.043145,1776779886860039323,87444,1776779886859993600,corrected,left,OFF,68.4,97.12
2026-04-21T13:58:06.876447+00:00,1.059225,1776779886876446623,87460,1776779886876074240,corrected,left,OFF,68.4,97.12
2026-04-21T13:58:06.891830+00:00,1.075247,1776779886891830023,87476,1776779886892095744,corrected,left,OFF,68.4,97.12
2026-04-21T13:58:06.908283+00:00,1.091305,1776779886908282923,87492,1776779886908153856,corrected,left,OFF,68.3,97.03
2026-04-21T13:58:06.924779+00:00,1.107502,1776779886924778723,87508,1776779886924351232,corrected,left,OFF,68.2,96.86
2026-04-21T13:58:06.940078+00:00,1.123535,1776779886940078123,87524,1776779886940384000,corrected,left,OFF,67.3,95.45
2026-04-21T13:58:06.956558+00:00,1.139608,1776779886956557823,87540,1776779886956457216,corrected,left,OFF,67.0,94.92
2026-04-21T13:58:06.972054+00:00,1.155624,1776779886972053623,87556,1776779886972472832,corrected,left,OFF,66.0,93.52
2026-04-21T13:58:06.988423+00:00,1.171670,1776779886988422623,87572,1776779886988518912,corrected,left,OFF,63.8,90.09
2026-04-21T13:58:07.004941+00:00,1.187759,1776779887004941223,87588,1776779887004607488,corrected,left,OFF,61.1,85.96
2026-04-21T13:58:07.020381+00:00,1.203786,1776779887020381023,87604,1776779887020634624,corrected,left,OFF,57.9,81.65
2026-04-21T13:58:07.036655+00:00,1.219841,1776779887036655323,87620,1776779887036690176,corrected,left,OFF,54.3,76.99
2026-04-21T13:58:07.053220+00:00,1.235934,1776779887053220223,87636,1776779887052783104,corrected,left,OFF,50.6,72.25
2026-04-21T13:58:07.068691+00:00,1.251973,1776779887068691223,87652,1776779887068822016,corrected,left,OFF,47.9,68.91
2026-04-21T13:58:07.085020+00:00,1.268042,1776779887085020423,87668,1776779887084891392,corrected,left,OFF,46.4,67.06
2026-04-21T13:58:07.100481+00:00,1.284049,1776779887100481323,87684,1776779887100898048,corrected,left,OFF,43.9,64.07
2026-04-21T13:58:07.117242+00:00,1.300113,1776779887117241623,87700,1776779887116962304,corrected,left,OFF,40.5,59.85
2026-04-21T13:58:07.133380+00:00,1.316305,1776779887133379623,87716,1776779887133154304,corrected,left,OFF,36.1,54.32
2026-04-21T13:58:07.148840+00:00,1.332334,1776779887148840223,87732,1776779887149183232,corrected,left,OFF,31.3,48.25
2026-04-21T13:58:07.165617+00:00,1.348418,1776779887165617223,87748,1776779887165266688,corrected,left,OFF,27.0,42.54
2026-04-21T13:58:07.181787+00:00,1.364521,1776779887181786523,87764,1776779887181369856,corrected,left,OFF,24.1,38.58
2026-04-21T13:58:07.197173+00:00,1.380560,1776779887197173123,87780,1776779887197408768,corrected,left,OFF,21.7,35.42
2026-04-21T13:58:07.213800+00:00,1.396647,1776779887213800523,87796,1776779887213495552,corrected,left,OFF,17.8,29.71
2026-04-21T13:58:07.228988+00:00,1.412656,1776779887228988423,87812,1776779887229504512,corrected,left,OFF,15.0,25.31
2026-04-21T13:58:07.245722+00:00,1.428720,1776779887245721923,87828,1776779887245569280,corrected,left,OFF,13.8,23.47
2026-04-21T13:58:07.261892+00:00,1.444804,1776779887261892023,87844,1776779887261652992,corrected,left,OFF,13.7,23.38
2026-04-21T13:58:07.277679+00:00,1.460847,1776779887277678923,87860,1776779887277696256,corrected,left,OFF,13.7,23.29
2026-04-21T13:58:07.293842+00:00,1.476906,1776779887293841923,87876,1776779887293755392,corrected,left,OFF,13.5,23.03
2026-04-21T13:58:07.310126+00:00,1.493058,1776779887310126123,87892,1776779887309907200,corrected,left,OFF,13.5,22.94
2026-04-21T13:58:07.325804+00:00,1.509105,1776779887325804323,87908,1776779887325954048,corrected,left,OFF,13.4,22.85
2026-04-21T13:58:07.342165+00:00,1.525184,1776779887342164923,87924,1776779887342032896,corrected,left,OFF,13.3,22.76
2026-04-21T13:58:07.357758+00:00,1.541211,1776779887357758323,87940,1776779887358059776,corrected,left,OFF,13.2,22.59
2026-04-21T13:58:07.373922+00:00,1.557259,1776779887373922323,87956,1776779887374108160,corrected,left,OFF,13.2,22.59
2026-04-21T13:58:07.391309+00:00,1.573403,1776779887391308823,87972,1776779887390251520,corrected,left,OFF,13.2,22.5
2026-04-21T13:58:07.405760+00:00,1.589421,1776779887405759723,87988,1776779887406269440,corrected,left,OFF,13.2,22.5
2026-04-21T13:58:07.422341+00:00,1.605485,1776779887422341123,88004,1776779887422334208,corrected,left,OFF,13.2,22.5
2026-04-21T13:58:07.438800+00:00,1.621587,1776779887438800123,88020,1776779887438436352,corrected,left,OFF,13.1,22.41
2026-04-21T13:58:07.454058+00:00,1.637616,1776779887454057923,88036,1776779887454464768,corrected,left,OFF,13.1,22.41
2026-04-21T13:58:07.470605+00:00,1.653688,1776779887470604923,88052,1776779887470536448,corrected,left,OFF,13.1,22.41
2026-04-21T13:58:07.486093+00:00,1.669706,1776779887486093023,88068,1776779887486554880,corrected,left,OFF,13.2,22.5
2026-04-21T13:58:07.502468+00:00,1.685755,1776779887502467523,88084,1776779887502604032,corrected,left,OFF,13.1,22.41
2026-04-21T13:58:07.518927+00:00,1.701873,1776779887518927423,88100,1776779887518722304,corrected,left,OFF,13.2,22.5
2026-04-21T13:58:07.534417+00:00,1.717906,1776779887534417023,88116,1776779887534754816,corrected,left,OFF,13.1,22.41
2026-04-21T13:58:07.550752+00:00,1.733965,1776779887550751723,88132,1776779887550813952,corrected,left,OFF,13.1,22.41
2026-04-21T13:58:07.567225+00:00,1.750061,1776779887567224823,88148,1776779887566909952,corrected,left,OFF,13.2,22.5
2026-04-21T13:58:07.582626+00:00,1.766099,1776779887582625823,88164,1776779887582948352,corrected,left,OFF,13.1,22.41
2026-04-21T13:58:07.599239+00:00,1.782180,1776779887599239123,88180,1776779887599028480,corrected,left,OFF,13.2,22.5
2026-04-21T13:58:07.614611+00:00,1.798199,1776779887614611323,88196,1776779887615047424,corrected,left,OFF,13.2,22.5
2026-04-21T13:58:07.630936+00:00,1.814254,1776779887630935523,88212,1776779887631102976,corrected,left,OFF,13.2,22.5
2026-04-21T13:58:07.647365+00:00,1.830337,1776779887647364623,88228,1776779887647185664,corrected,left,OFF,13.1,22.41
2026-04-21T13:58:07.662946+00:00,1.846373,1776779887662945623,88244,1776779887663222272,corrected,left,OFF,13.1,22.41
2026-04-21T13:58:07.679267+00:00,1.862432,1776779887679267223,88260,1776779887679280640,corrected,left,OFF,13.2,22.5
2026-04-21T13:58:07.695676+00:00,1.878525,1776779887695676423,88276,1776779887695373568,corrected,left,OFF,13.2,22.5
2026-04-21T13:58:07.711289+00:00,1.894573,1776779887711289323,88292,1776779887711421696,corrected,left,OFF,13.2,22.5
2026-04-21T13:58:07.727564+00:00,1.910643,1776779887727563523,88308,1776779887727491840,corrected,left,OFF,13.2,22.5
2026-04-21T13:58:07.743013+00:00,1.926656,1776779887743012623,88324,1776779887743504640,corrected,left,OFF,13.2,22.5
2026-04-21T13:58:07.759640+00:00,1.942741,1776779887759640123,88340,1776779887759589632,corrected,left,OFF,13.1,22.41
2026-04-21T13:58:07.775814+00:00,1.958819,1776779887775814523,88356,1776779887775667456,corrected,left,OFF,13.2,22.5
2026-04-21T13:58:07.791345+00:00,1.974852,1776779887791344823,88372,1776779887791700736,corrected,left,OFF,13.2,22.5
2026-04-21T13:58:07.807861+00:00,1.990922,1776779887807861323,88388,1776779887807770624,corrected,left,OFF,13.2,22.5
2026-04-21T13:58:07.824325+00:00,2.007024,1776779887824324623,88404,1776779887823873024,corrected,left,OFF,13.2,22.59
2026-04-21T13:58:07.839661+00:00,2.023063,1776779887839660523,88420,1776779887839912192,corrected,left,OFF,13.2,22.59
2026-04-21T13:58:07.856145+00:00,2.039143,1776779887856144823,88436,1776779887855991808,corrected,left,OFF,13.2,22.5
2026-04-21T13:58:07.871700+00:00,2.055169,1776779887871699423,88452,1776779887872017664,corrected,left,OFF,13.2,22.5
2026-04-21T13:58:07.888099+00:00,2.071231,1776779887888099223,88468,1776779887888079616,corrected,left,OFF,13.2,22.5
2026-04-21T13:58:07.904442+00:00,2.087321,1776779887904441723,88484,1776779887904169472,corrected,left,OFF,13.2,22.5
2026-04-21T13:58:07.919986+00:00,2.103357,1776779887919986523,88500,1776779887920206336,corrected,left,OFF,13.2,22.5
2026-04-21T13:58:07.936357+00:00,2.119425,1776779887936357423,88516,1776779887936274176,corrected,left,OFF,13.2,22.5
2026-04-21T13:58:07.952930+00:00,2.135538,1776779887952930223,88532,1776779887952386560,corrected,left,OFF,13.2,22.5
2026-04-21T13:58:07.968500+00:00,2.151596,1776779887968500023,88548,1776779887968444672,corrected,left,OFF,13.2,22.5
2026-04-21T13:58:07.984614+00:00,2.167670,1776779887984613623,88564,1776779887984518400,corrected,left,OFF,13.2,22.5
2026-04-21T13:58:08.000201+00:00,2.183697,1776779888000201223,88580,1776779888000545536,corrected,left,OFF,13.2,22.5
2026-04-21T13:58:08.016682+00:00,2.199759,1776779888016682623,88596,1776779888016607488,corrected,left,OFF,13.2,22.59
2026-04-21T13:58:08.032981+00:00,2.215849,1776779888032981323,88612,1776779888032697600,corrected,left,OFF,13.2,22.5
2026-04-21T13:58:08.048455+00:00,2.231884,1776779888048454623,88628,1776779888048732416,corrected,left,OFF,13.2,22.5
2026-04-21T13:58:08.065039+00:00,2.247956,1776779888065038823,88644,1776779888064805376,corrected,left,OFF,13.2,22.5
2026-04-21T13:58:08.081198+00:00,2.264051,1776779888081197723,88660,1776779888080899584,corrected,left,OFF,13.2,22.59
2026-04-21T13:58:08.097008+00:00,2.280111,1776779888097008123,88676,1776779888096959744,corrected,left,OFF,13.2,22.5
2026-04-21T13:58:08.113454+00:00,2.296202,1776779888113454123,88692,1776779888113051392,corrected,left,OFF,13.2,22.5
2026-04-21T13:58:08.128741+00:00,2.312227,1776779888128740523,88708,1776779888129076224,corrected,left,OFF,13.2,22.5
2026-04-21T13:58:08.145253+00:00,2.328301,1776779888145253323,88724,1776779888145149696,corrected,left,OFF,13.2,22.5
2026-04-21T13:58:08.161561+00:00,2.344392,1776779888161560823,88740,1776779888161240832,corrected,left,OFF,13.2,22.59
2026-04-21T13:58:08.176919+00:00,2.360421,1776779888176919223,88756,1776779888177269760,corrected,left,OFF,13.2,22.59
2026-04-21T13:58:08.193387+00:00,2.376497,1776779888193387323,88772,1776779888193345792,corrected,left,OFF,13.2,22.5
2026-04-21T13:58:08.209860+00:00,2.392602,1776779888209859523,88788,1776779888209450496,corrected,left,OFF,13.2,22.5
2026-04-21T13:58:08.225173+00:00,2.408639,1776779888225172523,88804,1776779888225487872,corrected,left,OFF,13.2,22.59
2026-04-21T13:58:08.241740+00:00,2.424725,1776779888241740623,88820,1776779888241573888,corrected,left,OFF,13.2,22.5
2026-04-21T13:58:08.257109+00:00,2.440741,1776779888257108723,88836,1776779888257590272,corrected,left,OFF,13.2,22.59
2026-04-21T13:58:08.273673+00:00,2.456809,1776779888273672923,88852,1776779888273658368,corrected,left,OFF,13.2,22.59
2026-04-21T13:58:08.289940+00:00,2.472893,1776779888289939923,88868,1776779888289742080,corrected,left,OFF,13.2,22.59
2026-04-21T13:58:08.306417+00:00,2.488994,1776779888306416923,88884,1776779888305842688,corrected,left,OFF,13.2,22.59
2026-04-21T13:58:08.321890+00:00,2.505060,1776779888321890023,88900,1776779888321909248,corrected,left,OFF,13.2,22.59
2026-04-21T13:58:08.338286+00:00,2.521154,1776779888338285623,88916,1776779888338002944,corrected,left,OFF,13.2,22.59
2026-04-21T13:58:08.353737+00:00,2.537198,1776779888353737023,88932,1776779888354047232,corrected,left,OFF,13.3,22.68
2026-04-21T13:58:08.370272+00:00,2.553281,1776779888370272323,88948,1776779888370129408,corrected,left,OFF,13.3,22.68
2026-04-21T13:58:08.385555+00:00,2.569301,1776779888385555123,88964,1776779888386149632,corrected,left,OFF,13.3,22.76
2026-04-21T13:58:08.402049+00:00,2.585351,1776779888402049223,88980,1776779888402199552,corrected,left,OFF,13.3,22.76
2026-04-21T13:58:08.418574+00:00,2.601470,1776779888418574423,88996,1776779888418318848,corrected,left,OFF,13.4,22.85
2026-04-21T13:58:08.433846+00:00,2.617492,1776779888433846223,89012,1776779888434340608,corrected,left,OFF,13.4,22.85
2026-04-21T13:58:08.450850+00:00,2.633587,1776779888450849723,89028,1776779888450435840,corrected,left,OFF,13.5,22.94
2026-04-21T13:58:08.466866+00:00,2.649691,1776779888466866023,89044,1776779888466540032,corrected,left,OFF,13.5,23.03
2026-04-21T13:58:08.482314+00:00,2.665732,1776779888482314023,89060,1776779888482581248,corrected,left,OFF,13.5,23.03
2026-04-21T13:58:08.498755+00:00,2.681812,1776779888498755123,89076,1776779888498660608,corrected,left,OFF,13.6,23.12
2026-04-21T13:58:08.514114+00:00,2.697830,1776779888514113723,89092,1776779888514678784,corrected,left,OFF,13.6,23.2
2026-04-21T13:58:08.532687+00:00,2.714011,1776779888532686723,89108,1776779888530859776,corrected,left,OFF,13.7,23.29
2026-04-21T13:58:08.546953+00:00,2.730092,1776779888546953023,89124,1776779888546940416,corrected,left,OFF,13.8,23.47
2026-04-21T13:58:08.562498+00:00,2.746123,1776779888562497623,89140,1776779888562971648,corrected,left,OFF,13.9,23.55
2026-04-21T13:58:08.578931+00:00,2.762185,1776779888578930723,89156,1776779888579033600,corrected,left,OFF,14.0,23.73
2026-04-21T13:58:08.595344+00:00,2.778281,1776779888595343723,89172,1776779888595129600,corrected,left,OFF,14.3,24.26
2026-04-21T13:58:08.610790+00:00,2.794318,1776779888610790423,89188,1776779888611167232,corrected,left,OFF,15.7,26.46
2026-04-21T13:58:08.627254+00:00,2.810397,1776779888627254523,89204,1776779888627246336,corrected,left,OFF,18.3,30.41
2026-04-21T13:58:08.642603+00:00,2.826412,1776779888642602923,89220,1776779888643260416,corrected,left,OFF,21.0,34.37
2026-04-21T13:58:08.659186+00:00,2.842465,1776779888659186023,89236,1776779888659314176,corrected,left,OFF,23.7,38.06
2026-04-21T13:58:08.675668+00:00,2.858556,1776779888675668323,89252,1776779888675404800,corrected,left,OFF,25.8,40.96
2026-04-21T13:58:08.690907+00:00,2.874581,1776779888690907423,89268,1776779888691429888,corrected,left,OFF,27.7,43.51
2026-04-21T13:58:08.707438+00:00,2.890642,1776779888707438023,89284,1776779888707491328,corrected,left,OFF,30.3,46.93
2026-04-21T13:58:08.723984+00:00,2.906744,1776779888723984123,89300,1776779888723593216,corrected,left,OFF,33.8,51.42
2026-04-21T13:58:08.741865+00:00,2.922942,1776779888741864623,89316,1776779888739791360,corrected,left,OFF,37.3,55.81
2026-04-21T13:58:08.755793+00:00,2.939013,1776779888755792823,89332,1776779888755862272,corrected,left,OFF,40.9,60.29
2026-04-21T13:58:08.771231+00:00,2.955026,1776779888771231523,89348,1776779888771875328,corrected,left,OFF,43.7,63.81
2026-04-21T13:58:08.787729+00:00,2.971084,1776779888787728723,89364,1776779888787932416,corrected,left,OFF,46.7,67.41
2026-04-21T13:58:08.804167+00:00,2.987167,1776779888804166823,89380,1776779888804016128,corrected,left,OFF,50.2,71.72
2026-04-21T13:58:08.819550+00:00,3.003192,1776779888819550323,89396,1776779888820040704,corrected,left,OFF,53.5,76.03
2026-04-21T13:58:08.836041+00:00,3.019257,1776779888836041023,89412,1776779888836105728,corrected,left,OFF,56.3,79.54
2026-04-21T13:58:08.852389+00:00,3.035351,1776779888852389123,89428,1776779888852200192,corrected,left,OFF,57.9,81.56
2026-04-21T13:58:08.867853+00:00,3.051387,1776779888867853323,89444,1776779888868235520,corrected,left,OFF,58.4,82.27
2026-04-21T13:58:08.884382+00:00,3.067463,1776779888884381623,89460,1776779888884312064,corrected,left,OFF,58.8,82.71
2026-04-21T13:58:08.899723+00:00,3.083480,1776779888899722623,89476,1776779888900328448,corrected,left,OFF,59.2,83.23
2026-04-21T13:58:08.916152+00:00,3.099528,1776779888916152123,89492,1776779888916377344,corrected,left,OFF,59.4,83.5
2026-04-21T13:58:08.932732+00:00,3.115618,1776779888932732523,89508,1776779888932466944,corrected,left,OFF,59.5,83.58
2026-04-21T13:58:08.947939+00:00,3.131639,1776779888947939023,89524,1776779888948487680,corrected,left,OFF,59.3,83.41
2026-04-21T13:58:08.965400+00:00,3.147755,1776779888965399823,89540,1776779888964603648,corrected,left,OFF,58.6,82.44
2026-04-21T13:58:08.981027+00:00,3.163858,1776779888981027423,89556,1776779888980707072,corrected,left,OFF,56.8,80.24
2026-04-21T13:58:08.996514+00:00,3.179911,1776779888996513623,89572,1776779888996760064,corrected,left,OFF,54.3,76.99
2026-04-21T13:58:09.012856+00:00,3.195983,1776779889012855723,89588,1776779889012831488,corrected,left,OFF,51.0,72.77
2026-04-21T13:58:09.028312+00:00,3.212002,1776779889028312223,89604,1776779889028850688,corrected,left,OFF,47.0,67.85
2026-04-21T13:58:09.044681+00:00,3.228053,1776779889044680923,89620,1776779889044901888,corrected,left,OFF,42.4,62.14
2026-04-21T13:58:09.061080+00:00,3.244132,1776779889061079523,89636,1776779889060980736,corrected,left,OFF,37.7,56.34
2026-04-21T13:58:09.076637+00:00,3.260161,1776779889076636623,89652,1776779889077010176,corrected,left,OFF,33.7,51.24
2026-04-21T13:58:09.092922+00:00,3.276221,1776779889092922423,89668,1776779889093069568,corrected,left,OFF,29.3,45.62
2026-04-21T13:58:09.109485+00:00,3.292313,1776779889109484923,89684,1776779889109162240,corrected,left,OFF,24.5,39.2
2026-04-21T13:58:09.124909+00:00,3.308359,1776779889124908823,89700,1776779889125207808,corrected,left,OFF,19.8,32.7
2026-04-21T13:58:09.141327+00:00,3.324439,1776779889141326523,89716,1776779889141287424,corrected,left,OFF,15.1,25.49
2026-04-21T13:58:09.156785+00:00,3.340457,1776779889156785223,89732,1776779889157305856,corrected,left,OFF,11.0,19.07
2026-04-21T13:58:09.173978+00:00,3.356558,1776779889173978323,89748,1776779889173407232,corrected,left,OFF,7.2,12.74
2026-04-21T13:58:09.189584+00:00,3.372639,1776779889189583623,89764,1776779889189487616,corrected,left,OFF,3.6,6.33
2026-04-21T13:58:09.205014+00:00,3.388658,1776779889205013517,89780,1776779889205506816,corrected,left,OFF,0.0,-0.09
2026-04-21T13:58:09.221538+00:00,3.404718,1776779889221537517,89796,1776779889221567232,corrected,left,OFF,0.0,-0.44
2026-04-21T13:58:09.237921+00:00,3.420811,1776779889237921417,89812,1776779889237659648,corrected,left,OFF,0.0,-0.35
2026-04-21T13:58:09.253376+00:00,3.436842,1776779889253376217,89828,1776779889253691392,corrected,left,OFF,0.0,-0.44
2026-04-21T13:58:09.269802+00:00,3.452912,1776779889269802217,89844,1776779889269761024,corrected,left,OFF,0.0,-0.44
2026-04-21T13:58:09.285155+00:00,3.468917,1776779889285155317,89860,1776779889285765632,corrected,left,OFF,0.0,-0.44
2026-04-21T13:58:09.301645+00:00,3.484963,1776779889301644417,89876,1776779889301811712,corrected,left,OFF,0.0,-0.44
2026-04-21T13:58:09.318584+00:00,3.501069,1776779889318583817,89892,1776779889317917696,corrected,left,OFF,0.0,-0.44
2026-04-21T13:58:09.333574+00:00,3.517122,1776779889333573617,89908,1776779889333970432,corrected,left,OFF,0.0,-0.44
2026-04-21T13:58:09.349962+00:00,3.533177,1776779889349961917,89924,1776779889350025472,corrected,left,OFF,0.0,-0.44
2026-04-21T13:58:09.366633+00:00,3.549279,1776779889366633317,89940,1776779889366128384,corrected,left,OFF,0.0,-0.44
2026-04-21T13:58:09.381835+00:00,3.565310,1776779889381834917,89956,1776779889382158848,corrected,left,OFF,0.0,-0.44
2026-04-21T13:58:09.398555+00:00,3.581395,1776779889398555417,89972,1776779889398244352,corrected,left,OFF,0.0,-0.44
2026-04-21T13:58:09.413961+00:00,3.597416,1776779889413961117,89988,1776779889414265088,corrected,left,OFF,0.0,-0.44
2026-04-21T13:58:09.430143+00:00,3.613457,1776779889430142817,90004,1776779889430305536,corrected,left,OFF,0.0,-0.44
2026-04-21T13:58:09.446754+00:00,3.629545,1776779889446754317,90020,1776779889446394368,corrected,left,OFF,0.0,-0.44
2026-04-21T13:58:09.461962+00:00,3.645557,1776779889461962117,90036,1776779889462405632,corrected,left,OFF,0.0,-0.44
2026-04-21T13:58:09.478519+00:00,3.661628,1776779889478519617,90052,1776779889478476544,corrected,left,OFF,0.0,-0.44
2026-04-21T13:58:09.495118+00:00,3.677730,1776779889495118417,90068,1776779889494579200,corrected,left,OFF,0.0,-0.44
2026-04-21T13:58:09.510453+00:00,3.693769,1776779889510452817,90084,1776779889510617856,corrected,left,OFF,0.0,-0.44
2026-04-21T13:58:09.526899+00:00,3.709843,1776779889526899017,90100,1776779889526691584,corrected,left,OFF,0.0,-0.53
2026-04-21T13:58:09.542449+00:00,3.725863,1776779889542448617,90116,1776779889542711808,corrected,left,OFF,0.0,-0.44
2026-04-21T13:58:09.558717+00:00,3.741974,1776779889558716917,90132,1776779889558822400,corrected,left,OFF,0.0,-0.44
2026-04-21T13:58:09.575173+00:00,3.758055,1776779889575173017,90148,1776779889574903808,corrected,left,OFF,0.0,-0.44
2026-04-21T13:58:09.590592+00:00,3.774081,1776779889590592017,90164,1776779889590929408,corrected,left,OFF,0.0,-0.26
2026-04-21T13:58:09.607044+00:00,3.790141,1776779889607043723,90180,1776779889606990336,corrected,left,OFF,1.3,2.37
2026-04-21T13:58:09.623644+00:00,3.806246,1776779889623643623,90196,1776779889623094784,corrected,left,OFF,4.8,8.53
2026-04-21T13:58:09.639282+00:00,3.822305,1776779889639282423,90212,1776779889639153664,corrected,left,OFF,9.2,16.26
2026-04-21T13:58:09.655326+00:00,3.838375,1776779889655325923,90228,1776779889655223552,corrected,left,OFF,14.9,25.22
2026-04-21T13:58:09.670837+00:00,3.854388,1776779889670837423,90244,1776779889671236864,corrected,left,OFF,20.4,33.66
2026-04-21T13:58:09.687341+00:00,3.870444,1776779889687341423,90260,1776779889687293184,corrected,left,OFF,26.1,41.31
2026-04-21T13:58:09.703827+00:00,3.886540,1776779889703827023,90276,1776779889703388416,corrected,left,OFF,31.0,47.9
2026-04-21T13:58:09.719145+00:00,3.902563,1776779889719144923,90292,1776779889719412224,corrected,left,OFF,35.4,53.35
2026-04-21T13:58:09.735651+00:00,3.918628,1776779889735650623,90308,1776779889735477248,corrected,left,OFF,38.4,57.22
2026-04-21T13:58:09.752105+00:00,3.934732,1776779889752104923,90324,1776779889751581184,corrected,left,OFF,40.8,60.21
2026-04-21T13:58:09.767482+00:00,3.950851,1776779889767481723,90340,1776779889767699712,corrected,left,OFF,43.1,63.02
2026-04-21T13:58:09.783926+00:00,3.966929,1776779889783926323,90356,1776779889783778304,corrected,left,OFF,45.5,66.01
2026-04-21T13:58:09.799593+00:00,3.982964,1776779889799593023,90372,1776779889799813120,corrected,left,OFF,47.7,68.64
2026-04-21T13:58:09.815849+00:00,3.999024,1776779889815849223,90388,1776779889815873024,corrected,left,OFF,50.2,71.81
2026-04-21T13:58:09.832265+00:00,4.015117,1776779889832264623,90404,1776779889831965440,corrected,left,OFF,52.8,75.06
2026-04-21T13:58:09.847780+00:00,4.031155,1776779889847779823,90420,1776779889848003584,corrected,left,OFF,54.8,77.61
2026-04-21T13:58:09.864124+00:00,4.047223,1776779889864124523,90436,1776779889864071936,corrected,left,OFF,56.6,79.89
2026-04-21T13:58:09.880527+00:00,4.063321,1776779889880526623,90452,1776779889880169728,corrected,left,OFF,57.6,81.21
2026-04-21T13:58:09.896079+00:00,4.079369,1776779889896079223,90468,1776779889896217600,corrected,left,OFF,58.4,82.27
2026-04-21T13:58:09.912446+00:00,4.095449,1776779889912446023,90484,1776779889912297984,corrected,left,OFF,59.1,83.14
2026-04-21T13:58:09.927881+00:00,4.111469,1776779889927880723,90500,1776779889928317696,corrected,left,OFF,59.6,83.76
2026-04-21T13:58:09.944376+00:00,4.127526,1776779889944376623,90516,1776779889944375040,corrected,left,OFF,59.8,84.02
2026-04-21T13:58:09.960869+00:00,4.143626,1776779889960869123,90532,1776779889960474624,corrected,left,OFF,59.9,84.11
2026-04-21T13:58:09.976228+00:00,4.159655,1776779889976227923,90548,1776779889976504320,corrected,left,OFF,59.9,84.11
2026-04-21T13:58:09.992786+00:00,4.175758,1776779889992786523,90564,1776779889992607232,corrected,left,OFF,59.9,84.11
2026-04-21T13:58:10.009130+00:00,4.191866,1776779890009130023,90580,1776779890008714752,corrected,left,OFF,59.9,84.11
2026-04-21T13:58:10.024472+00:00,4.207912,1776779890024472623,90596,1776779890024760576,corrected,left,OFF,59.8,84.02
2026-04-21T13:58:10.040985+00:00,4.223993,1776779890040985023,90612,1776779890040842240,corrected,left,OFF,59.7,83.85
2026-04-21T13:58:10.056461+00:00,4.240020,1776779890056461323,90628,1776779890056869120,corrected,left,OFF,59.0,82.97
2026-04-21T13:58:10.072896+00:00,4.256079,1776779890072896523,90644,1776779890072928000,corrected,left,OFF,57.7,81.3
2026-04-21T13:58:10.089340+00:00,4.272172,1776779890089339623,90660,1776779890089020416,corrected,left,OFF,55.1,77.96
2026-04-21T13:58:10.105114+00:00,4.288230,1776779890105113723,90676,1776779890105078784,corrected,left,OFF,52.9,75.23
2026-04-21T13:58:10.121237+00:00,4.304298,1776779890121237323,90692,1776779890121147392,corrected,left,OFF,50.1,71.63
2026-04-21T13:58:10.137618+00:00,4.320402,1776779890137618223,90708,1776779890137250560,corrected,left,OFF,47.2,68.03
2026-04-21T13:58:10.153164+00:00,4.336453,1776779890153164123,90724,1776779890153302272,corrected,left,OFF,45.5,66.01
2026-04-21T13:58:10.169421+00:00,4.352527,1776779890169421023,90740,1776779890169376256,corrected,left,OFF,43.6,63.63
2026-04-21T13:58:10.184923+00:00,4.368548,1776779890184923123,90756,1776779890185397248,corrected,left,OFF,39.7,58.89
2026-04-21T13:58:10.201306+00:00,4.384624,1776779890201306223,90772,1776779890201472768,corrected,left,OFF,35.2,53.17
2026-04-21T13:58:10.217690+00:00,4.400706,1776779890217690323,90788,1776779890217554688,corrected,left,OFF,30.8,47.55
2026-04-21T13:58:10.233316+00:00,4.416741,1776779890233316223,90804,1776779890233590016,corrected,left,OFF,27.1,42.63
2026-04-21T13:58:10.249513+00:00,4.432799,1776779890249512923,90820,1776779890249647616,corrected,left,OFF,23.9,38.32
2026-04-21T13:58:10.266058+00:00,4.448896,1776779890266057723,90836,1776779890265744640,corrected,left,OFF,20.6,33.93
2026-04-21T13:58:10.281550+00:00,4.464939,1776779890281549923,90852,1776779890281787648,corrected,left,OFF,17.1,28.65
2026-04-21T13:58:10.297841+00:00,4.481007,1776779890297841323,90868,1776779890297855744,corrected,left,OFF,13.8,23.47
2026-04-21T13:58:10.313322+00:00,4.497017,1776779890313322123,90884,1776779890313866240,corrected,left,OFF,13.8,23.47
2026-04-21T13:58:10.329921+00:00,4.513073,1776779890329921323,90900,1776779890329922304,corrected,left,OFF,13.7,23.29
2026-04-21T13:58:10.346185+00:00,4.529169,1776779890346185423,90916,1776779890346018048,corrected,left,OFF,13.6,23.12
2026-04-21T13:58:10.361801+00:00,4.545204,1776779890361801523,90932,1776779890362053376,corrected,left,OFF,13.5,23.03
2026-04-21T13:58:10.378206+00:00,4.561271,1776779890378206323,90948,1776779890378119424,corrected,left,OFF,13.5,22.94
2026-04-21T13:58:10.394617+00:00,4.577377,1776779890394617023,90964,1776779890394225664,corrected,left,OFF,13.3,22.76
2026-04-21T13:58:10.410014+00:00,4.593415,1776779890410014523,90980,1776779890410264064,corrected,left,OFF,13.3,22.76
2026-04-21T13:58:10.426614+00:00,4.609507,1776779890426613523,90996,1776779890426355712,corrected,left,OFF,13.3,22.68
2026-04-21T13:58:10.442104+00:00,4.625543,1776779890442103523,91012,1776779890442391552,corrected,left,OFF,13.3,22.68
2026-04-21T13:58:10.461400+00:00,4.641780,1776779890461399923,91028,1776779890458628864,corrected,left,OFF,13.2,22.59
2026-04-21T13:58:10.474811+00:00,4.657868,1776779890474811423,91044,1776779890474716416,corrected,left,OFF,13.2,22.59
2026-04-21T13:58:10.490341+00:00,4.673896,1776779890490341023,91060,1776779890490744576,corrected,left,OFF,13.2,22.5
2026-04-21T13:58:10.506677+00:00,4.689956,1776779890506677023,91076,1776779890506804480,corrected,left,OFF,13.1,22.41
2026-04-21T13:58:10.523201+00:00,4.706060,1776779890523201123,91092,1776779890522909184,corrected,left,OFF,13.2,22.5
2026-04-21T13:58:10.539002+00:00,4.722126,1776779890539002323,91108,1776779890538974976,corrected,left,OFF,13.2,22.5
2026-04-21T13:58:10.555245+00:00,4.738214,1776779890555244923,91124,1776779890555063040,corrected,left,OFF,13.1,22.41
2026-04-21T13:58:10.570557+00:00,4.754240,1776779890570557023,91140,1776779890571088640,corrected,left,OFF,13.1,22.41
2026-04-21T13:58:10.587171+00:00,4.770306,1776779890587171223,91156,1776779890587154432,corrected,left,OFF,13.1,22.41
2026-04-21T13:58:10.603357+00:00,4.786390,1776779890603356923,91172,1776779890603239168,corrected,left,OFF,13.1,22.41
2026-04-21T13:58:10.619049+00:00,4.802432,1776779890619048923,91188,1776779890619280896,corrected,left,OFF,13.1,22.41
2026-04-21T13:58:10.635241+00:00,4.818493,1776779890635240423,91204,1776779890635342080,corrected,left,OFF,13.1,22.41
2026-04-21T13:58:10.652054+00:00,4.834617,1776779890652053423,91220,1776779890651465472,corrected,left,OFF,13.1,22.41
2026-04-21T13:58:10.668468+00:00,4.850748,1776779890668467923,91236,1776779890667596800,corrected,left,OFF,13.1,22.41
2026-04-21T13:58:10.683540+00:00,4.866816,1776779890683539823,91252,1776779890683665152,corrected,left,OFF,13.1,22.41
2026-04-21T13:58:10.698995+00:00,4.882830,1776779890698994723,91268,1776779890699678720,corrected,left,OFF,13.1,22.41
2026-04-21T13:58:10.715317+00:00,4.898873,1776779890715317623,91284,1776779890715721984,corrected,left,OFF,13.1,22.41
2026-04-21T13:58:10.731781+00:00,4.914954,1776779890731780823,91300,1776779890731803136,corrected,left,OFF,13.1,22.41
2026-04-21T13:58:10.747543+00:00,4.930993,1776779890747543123,91316,1776779890747842304,corrected,left,OFF,13.1,22.41
2026-04-21T13:58:10.763729+00:00,4.947054,1776779890763729523,91332,1776779890763902720,corrected,left,OFF,13.1,22.41
2026-04-21T13:58:10.780158+00:00,4.963148,1776779890780158023,91348,1776779890779997184,corrected,left,OFF,13.1,22.41
2026-04-21T13:58:10.795720+00:00,4.979191,1776779890795720123,91364,1776779890796039936,corrected,left,OFF,13.1,22.41
2026-04-21T13:58:10.811988+00:00,4.995258,1776779890811987623,91380,1776779890812106752,corrected,left,OFF,13.1,22.41
2026-04-21T13:58:10.827631+00:00,5.011287,1776779890827630523,91396,1776779890828135424,corrected,left,OFF,13.1,22.41
2026-04-21T13:58:10.844143+00:00,5.027349,1776779890844142823,91412,1776779890844197888,corrected,left,OFF,13.2,22.5
2026-04-21T13:58:10.860659+00:00,5.043449,1776779890860659023,91428,1776779890860298240,corrected,left,OFF,13.1,22.41
2026-04-21T13:58:10.875805+00:00,5.059476,1776779890875804823,91444,1776779890876324864,corrected,left,OFF,13.1,22.41
2026-04-21T13:58:10.893492+00:00,5.075611,1776779890893491423,91460,1776779890892459776,corrected,left,OFF,13.2,22.5
2026-04-21T13:58:10.908891+00:00,5.091714,1776779890908891423,91476,1776779890908562688,corrected,left,OFF,13.1,22.41
2026-04-21T13:58:10.925194+00:00,5.107815,1776779890925194223,91492,1776779890924663808,corrected,left,OFF,13.2,22.5
2026-04-21T13:58:10.940890+00:00,5.123902,1776779890940890023,91508,1776779890940750592,corrected,left,OFF,13.2,22.5
2026-04-21T13:58:10.955976+00:00,5.139909,1776779890955975823,91524,1776779890956757504,corrected,left,OFF,13.2,22.5
2026-04-21T13:58:10.972482+00:00,5.155956,1776779890972482523,91540,1776779890972804864,corrected,left,OFF,13.2,22.5
2026-04-21T13:58:10.988909+00:00,5.172039,1776779890988908923,91556,1776779890988887552,corrected,left,OFF,13.2,22.5
2026-04-21T13:58:11.004299+00:00,5.188058,1776779891004299223,91572,1776779891004907264,corrected,left,OFF,13.1,22.41
2026-04-21T13:58:11.020789+00:00,5.204120,1776779891020789123,91588,1776779891020968448,corrected,left,OFF,13.2,22.5
2026-04-21T13:58:11.037303+00:00,5.220217,1776779891037302823,91604,1776779891037065984,corrected,left,OFF,13.2,22.5
2026-04-21T13:58:11.052587+00:00,5.236244,1776779891052586523,91620,1776779891053093376,corrected,left,OFF,13.2,22.5
2026-04-21T13:58:11.069219+00:00,5.252321,1776779891069218623,91636,1776779891069169408,corrected,left,OFF,13.2,22.5
2026-04-21T13:58:11.084454+00:00,5.268327,1776779891084454423,91652,1776779891085176064,corrected,left,OFF,13.2,22.5
2026-04-21T13:58:11.101934+00:00,5.284432,1776779891101934423,91668,1776779891101281280,corrected,left,OFF,13.2,22.59
2026-04-21T13:58:11.117619+00:00,5.300525,1776779891117618823,91684,1776779891117373440,corrected,left,OFF,13.2,22.59
2026-04-21T13:58:11.132794+00:00,5.316553,1776779891132794123,91700,1776779891133402112,corrected,left,OFF,13.2,22.5
2026-04-21T13:58:11.149339+00:00,5.332614,1776779891149338523,91716,1776779891149462784,corrected,left,OFF,13.2,22.5
2026-04-21T13:58:11.166344+00:00,5.348742,1776779891166344523,91732,1776779891165590528,corrected,left,OFF,13.2,22.59
2026-04-21T13:58:11.181081+00:00,5.364772,1776779891181080723,91748,1776779891181620480,corrected,left,OFF,13.3,22.68
2026-04-21T13:58:11.197921+00:00,5.380855,1776779891197920423,91764,1776779891197703936,corrected,left,OFF,13.2,22.59
2026-04-21T13:58:11.213120+00:00,5.396867,1776779891213120223,91780,1776779891213716224,corrected,left,OFF,13.2,22.59
2026-04-21T13:58:11.229707+00:00,5.412922,1776779891229707423,91796,1776779891229770752,corrected,left,OFF,13.2,22.59
2026-04-21T13:58:11.245896+00:00,5.428993,1776779891245896423,91812,1776779891245841920,corrected,left,OFF,13.3,22.68
2026-04-21T13:58:11.261726+00:00,5.445037,1776779891261725623,91828,1776779891261885440,corrected,left,OFF,13.2,22.59
2026-04-21T13:58:11.277906+00:00,5.461091,1776779891277905623,91844,1776779891277939456,corrected,left,OFF,13.3,22.68
2026-04-21T13:58:11.294177+00:00,5.477172,1776779891294177323,91860,1776779891294020864,corrected,left,OFF,13.3,22.68
2026-04-21T13:58:11.309981+00:00,5.493220,1776779891309981323,91876,1776779891310068480,corrected,left,OFF,13.3,22.68
2026-04-21T13:58:11.326019+00:00,5.509272,1776779891326018523,91892,1776779891326121216,corrected,left,OFF,13.3,22.68
2026-04-21T13:58:11.343054+00:00,5.525366,1776779891343054123,91908,1776779891342214400,corrected,left,OFF,13.3,22.68
2026-04-21T13:58:11.358099+00:00,5.541411,1776779891358099023,91924,1776779891358260224,corrected,left,OFF,13.3,22.68
2026-04-21T13:58:11.374517+00:00,5.557485,1776779891374517023,91940,1776779891374333696,corrected,left,OFF,13.3,22.68
2026-04-21T13:58:11.390116+00:00,5.573515,1776779891390115723,91956,1776779891390364160,corrected,left,OFF,13.3,22.76
2026-04-21T13:58:11.406447+00:00,5.589573,1776779891406447323,91972,1776779891406421760,corrected,left,OFF,13.4,22.85
2026-04-21T13:58:11.422936+00:00,5.605667,1776779891422936423,91988,1776779891422515456,corrected,left,OFF,13.5,22.94
2026-04-21T13:58:11.438217+00:00,5.621692,1776779891438217323,92004,1776779891438540544,corrected,left,OFF,13.5,23.03
2026-04-21T13:58:11.454531+00:00,5.637748,1776779891454531023,92020,1776779891454597376,corrected,left,OFF,13.6,23.12
2026-04-21T13:58:11.470104+00:00,5.653757,1776779891470104223,92036,1776779891470606336,corrected,left,OFF,13.7,23.29
2026-04-21T13:58:11.486509+00:00,5.669889,1776779891486509223,92052,1776779891486737664,corrected,left,OFF,13.8,23.47
2026-04-21T13:58:11.502879+00:00,5.685960,1776779891502879323,92068,1776779891502808832,corrected,left,OFF,13.9,23.64
2026-04-21T13:58:11.518347+00:00,5.701978,1776779891518347223,92084,1776779891518827008,corrected,left,OFF,14.0,23.82
2026-04-21T13:58:11.534882+00:00,5.718033,1776779891534881723,92100,1776779891534882304,corrected,left,OFF,15.2,25.66
2026-04-21T13:58:11.551130+00:00,5.734115,1776779891551130323,92116,1776779891550963456,corrected,left,OFF,17.7,29.53
2026-04-21T13:58:11.567137+00:00,5.750184,1776779891567136823,92132,1776779891567032832,corrected,left,OFF,21.2,34.72
2026-04-21T13:58:11.583184+00:00,5.766258,1776779891583184423,92148,1776779891583107072,corrected,left,OFF,26.6,42.01
2026-04-21T13:58:11.598957+00:00,5.782291,1776779891598956823,92164,1776779891599140096,corrected,left,OFF,30.8,47.55
2026-04-21T13:58:11.615030+00:00,5.798341,1776779891615030023,92180,1776779891615190272,corrected,left,OFF,33.8,51.42
2026-04-21T13:58:11.631556+00:00,5.814424,1776779891631556023,92196,1776779891631272960,corrected,left,OFF,36.0,54.14
2026-04-21T13:58:11.647306+00:00,5.830476,1776779891647305823,92212,1776779891647324672,corrected,left,OFF,38.3,57.04
2026-04-21T13:58:11.663323+00:00,5.846529,1776779891663323023,92228,1776779891663377408,corrected,left,OFF,41.1,60.64
2026-04-21T13:58:11.679821+00:00,5.862631,1776779891679820623,92244,1776779891679479808,corrected,left,OFF,43.9,64.07
2026-04-21T13:58:11.695554+00:00,5.878724,1776779891695553723,92260,1776779891695573248,corrected,left,OFF,46.5,67.15
2026-04-21T13:58:11.711643+00:00,5.894790,1776779891711643323,92276,1776779891711639040,corrected,left,OFF,48.4,69.52
2026-04-21T13:58:11.727451+00:00,5.910821,1776779891727451223,92292,1776779891727670016,corrected,left,OFF,50.0,71.54
2026-04-21T13:58:11.743686+00:00,5.926870,1776779891743685723,92308,1776779891743719168,corrected,left,OFF,51.6,73.56
2026-04-21T13:58:11.759935+00:00,5.942943,1776779891759934623,92324,1776779891759791616,corrected,left,OFF,52.7,74.97
2026-04-21T13:58:11.775970+00:00,5.959004,1776779891775970323,92340,1776779891775852800,corrected,left,OFF,53.4,75.85
2026-04-21T13:58:11.791899+00:00,5.975060,1776779891791898523,92356,1776779891791908864,corrected,left,OFF,54.0,76.55
2026-04-21T13:58:11.812713+00:00,5.991418,1776779891812713523,92372,1776779891808266752,corrected,left,OFF,54.3,76.99
2026-04-21T13:58:11.823872+00:00,6.007454,1776779891823872123,92388,1776779891824302592,corrected,left,OFF,54.4,77.08
2026-04-21T13:58:11.840298+00:00,6.023518,1776779891840298623,92404,1776779891840367104,corrected,left,OFF,54.4,77.08
2026-04-21T13:58:11.855778+00:00,6.039533,1776779891855778123,92420,1776779891856382208,corrected,left,OFF,54.4,77.08
2026-04-21T13:58:11.872212+00:00,6.055585,1776779891872212223,92436,1776779891872433664,corrected,left,OFF,54.4,77.08
2026-04-21T13:58:11.888579+00:00,6.071670,1776779891888579223,92452,1776779891888518400,corrected,left,OFF,54.3,76.99
2026-04-21T13:58:11.904054+00:00,6.087689,1776779891904053723,92468,1776779891904538368,corrected,left,OFF,54.4,77.08
2026-04-21T13:58:11.920414+00:00,6.103778,1776779891920413623,92484,1776779891920626688,corrected,left,OFF,54.4,77.08
2026-04-21T13:58:11.936899+00:00,6.119873,1776779891936898823,92500,1776779891936721920,corrected,left,OFF,54.2,76.82
2026-04-21T13:58:11.952373+00:00,6.135940,1776779891952372923,92516,1776779891952788736,corrected,left,OFF,53.8,76.38
2026-04-21T13:58:11.968722+00:00,6.152014,1776779891968722223,92532,1776779891968862720,corrected,left,OFF,52.8,75.06
2026-04-21T13:58:11.984137+00:00,6.168018,1776779891984137223,92548,1776779891984866816,corrected,left,OFF,50.7,72.33
2026-04-21T13:58:12.000622+00:00,6.184061,1776779892000622123,92564,1776779892000910336,corrected,left,OFF,48.0,68.99
2026-04-21T13:58:12.016940+00:00,6.200132,1776779892016940123,92580,1776779892016980992,corrected,left,OFF,45.2,65.65
2026-04-21T13:58:12.034968+00:00,6.216302,1776779892034967523,92596,1776779892033150464,corrected,left,OFF,42.7,62.49
2026-04-21T13:58:12.048951+00:00,6.232353,1776779892048950823,92612,1776779892049202176,corrected,left,OFF,39.4,58.54
2026-04-21T13:58:12.065380+00:00,6.248441,1776779892065379923,92628,1776779892065290240,corrected,left,OFF,36.0,54.23
2026-04-21T13:58:12.080758+00:00,6.264463,1776779892080757723,92644,1776779892081312000,corrected,left,OFF,32.9,50.19
2026-04-21T13:58:12.097298+00:00,6.280532,1776779892097297723,92660,1776779892097380608,corrected,left,OFF,29.2,45.53
2026-04-21T13:58:12.112624+00:00,6.296529,1776779892112623923,92676,1776779892113378304,corrected,left,OFF,25.4,40.34
2026-04-21T13:58:12.129086+00:00,6.312596,1776779892129085623,92692,1776779892129444608,corrected,left,OFF,20.6,33.84
2026-04-21T13:58:12.145594+00:00,6.328678,1776779892145593523,92708,1776779892145527040,corrected,left,OFF,16.0,26.89
2026-04-21T13:58:12.160885+00:00,6.344686,1776779892160884723,92724,1776779892161535232,corrected,left,OFF,12.0,20.74
2026-04-21T13:58:12.177526+00:00,6.360744,1776779892177526423,92740,1776779892177593088,corrected,left,OFF,8.2,14.41
2026-04-21T13:58:12.193849+00:00,6.376848,1776779892193848523,92756,1776779892193696768,corrected,left,OFF,4.3,7.56
2026-04-21T13:58:12.209214+00:00,6.392868,1776779892209214323,92772,1776779892209716736,corrected,left,OFF,0.8,1.49
2026-04-21T13:58:12.225616+00:00,6.408933,1776779892225616217,92788,1776779892225781504,corrected,left,OFF,0.0,-0.26
2026-04-21T13:58:12.244463+00:00,6.425141,1776779892244463417,92804,1776779892241989888,corrected,left,OFF,0.0,-0.18
2026-04-21T13:58:12.257434+00:00,6.441172,1776779892257433717,92820,1776779892258020864,corrected,left,OFF,0.0,-0.18
2026-04-21T13:58:12.274046+00:00,6.457241,1776779892274046417,92836,1776779892274089984,corrected,left,OFF,0.0,-0.26
2026-04-21T13:58:12.289406+00:00,6.473260,1776779892289405817,92852,1776779892290108416,corrected,left,OFF,0.0,-0.18
2026-04-21T13:58:12.305749+00:00,6.489299,1776779892305748717,92868,1776779892306148352,corrected,left,OFF,0.0,-0.26
2026-04-21T13:58:12.322253+00:00,6.505373,1776779892322253017,92884,1776779892322222080,corrected,left,OFF,0.0,-0.26
2026-04-21T13:58:12.337817+00:00,6.521408,1776779892337817117,92900,1776779892338256896,corrected,left,OFF,0.0,-0.26
2026-04-21T13:58:12.354048+00:00,6.537453,1776779892354048317,92916,1776779892354301440,corrected,left,OFF,0.0,-0.26
2026-04-21T13:58:12.369617+00:00,6.553498,1776779892369616617,92932,1776779892370346496,corrected,left,OFF,0.0,-0.18
2026-04-21T13:58:12.386011+00:00,6.569533,1776779892386011517,92948,1776779892386382080,corrected,left,OFF,0.0,-0.18
2026-04-21T13:58:12.402604+00:00,6.585612,1776779892402603917,92964,1776779892402461184,corrected,left,OFF,0.0,-0.18
2026-04-21T13:58:12.417825+00:00,6.601625,1776779892417824517,92980,1776779892418474240,corrected,left,OFF,0.0,-0.26
2026-04-21T13:58:12.434313+00:00,6.617673,1776779892434313217,92996,1776779892434521856,corrected,left,OFF,0.0,-0.26
2026-04-21T13:58:12.450897+00:00,6.633766,1776779892450897517,93012,1776779892450615296,corrected,left,OFF,0.0,-0.26
2026-04-21T13:58:12.466173+00:00,6.649787,1776779892466172917,93028,1776779892466636288,corrected,left,OFF,0.0,-0.26
2026-04-21T13:58:12.484495+00:00,6.665954,1776779892484494517,93044,1776779892482802944,corrected,left,OFF,0.0,-0.18
2026-04-21T13:58:12.498100+00:00,6.681953,1776779892498099517,93060,1776779892498801664,corrected,left,OFF,0.0,-0.26
2026-04-21T13:58:12.514556+00:00,6.697986,1776779892514555817,93076,1776779892514834688,corrected,left,OFF,0.0,-0.26
2026-04-21T13:58:12.530939+00:00,6.714048,1776779892530938717,93092,1776779892530897152,corrected,left,OFF,0.0,-0.18
2026-04-21T13:58:12.546503+00:00,6.730062,1776779892546502817,93108,1776779892546910464,corrected,left,OFF,0.0,-0.18
2026-04-21T13:58:12.562908+00:00,6.746110,1776779892562908217,93124,1776779892562959360,corrected,left,OFF,0.0,-0.26
2026-04-21T13:58:12.579334+00:00,6.762187,1776779892579334517,93140,1776779892579035904,corrected,left,OFF,0.0,-0.26
2026-04-21T13:58:12.594715+00:00,6.778220,1776779892594714917,93156,1776779892595068928,corrected,left,OFF,0.0,-0.26
2026-04-21T13:58:12.611326+00:00,6.794287,1776779892611325917,93172,1776779892611135744,corrected,left,OFF,0.0,-0.26
2026-04-21T13:58:12.626521+00:00,6.810291,1776779892626521117,93188,1776779892627140096,corrected,left,OFF,0.0,-0.26
2026-04-21T13:58:12.643175+00:00,6.826333,1776779892643175217,93204,1776779892643181824,corrected,left,OFF,0.0,-0.26
2026-04-21T13:58:12.659586+00:00,6.842410,1776779892659585817,93220,1776779892659258880,corrected,left,OFF,0.0,-0.18
2026-04-21T13:58:12.674936+00:00,6.858434,1776779892674935817,93236,1776779892675282688,corrected,left,OFF,0.0,-0.26
2026-04-21T13:58:12.691502+00:00,6.874487,1776779892691502317,93252,1776779892691336192,corrected,left,OFF,0.0,-0.18
2026-04-21T13:58:12.709359+00:00,6.890664,1776779892709358617,93268,1776779892707512832,corrected,left,OFF,0.0,-0.18
2026-04-21T13:58:12.723275+00:00,6.906697,1776779892723275117,93284,1776779892723545856,corrected,left,OFF,0.0,-0.18
2026-04-21T13:58:12.739747+00:00,6.922756,1776779892739746717,93300,1776779892739604992,corrected,left,OFF,0.0,-0.26
2026-04-21T13:58:12.755169+00:00,6.938768,1776779892755168817,93316,1776779892755617024,corrected,left,OFF,0.0,-0.26
2026-04-21T13:58:12.771585+00:00,6.954808,1776779892771584817,93332,1776779892771656448,corrected,left,OFF,0.0,-0.18
2026-04-21T13:58:12.788057+00:00,6.970878,1776779892788056917,93348,1776779892787726592,corrected,left,OFF,0.0,-0.18
2026-04-21T13:58:12.803558+00:00,6.986913,1776779892803558117,93364,1776779892803761920,corrected,left,OFF,0.0,-0.18
2026-04-21T13:58:12.819808+00:00,7.002956,1776779892819808517,93380,1776779892819804672,corrected,left,OFF,0.0,-0.18
2026-04-21T13:58:12.836468+00:00,7.019184,1776779892836467517,93396,1776779892836032512,corrected,left,OFF,0.0,-0.18
2026-04-21T13:58:12.851826+00:00,7.035222,1776779892851825917,93412,1776779892852070400,corrected,left,OFF,0.0,-0.18
2026-04-21T13:58:12.868208+00:00,7.051290,1776779892868207817,93428,1776779892868139264,corrected,left,OFF,0.0,-0.18
2026-04-21T13:58:12.883728+00:00,7.067308,1776779892883728217,93444,1776779892884157184,corrected,left,OFF,0.0,-0.18
2026-04-21T13:58:12.900235+00:00,7.083365,1776779892900235517,93460,1776779892900213760,corrected,left,OFF,0.0,-0.26
2026-04-21T13:58:12.918257+00:00,7.099550,1776779892918257517,93476,1776779892916399104,corrected,left,OFF,0.0,-0.26
2026-04-21T13:58:12.932022+00:00,7.115575,1776779892932021917,93492,1776779892932423680,corrected,left,OFF,0.0,-0.18
2026-04-21T13:58:12.948588+00:00,7.131639,1776779892948587917,93508,1776779892948488192,corrected,left,OFF,0.0,-0.26
2026-04-21T13:58:12.964781+00:00,7.147725,1776779892964781017,93524,1776779892964573952,corrected,left,OFF,0.0,-0.18
2026-04-21T13:58:12.980366+00:00,7.163763,1776779892980365717,93540,1776779892980611840,corrected,left,OFF,0.0,-0.18
2026-04-21T13:58:12.996852+00:00,7.179836,1776779892996852217,93556,1776779892996684800,corrected,left,OFF,0.0,-0.18
2026-04-21T13:58:13.012190+00:00,7.195844,1776779893012190117,93572,1776779893012693248,corrected,left,OFF,0.0,-0.18
2026-04-21T13:58:13.028617+00:00,7.211888,1776779893028616917,93588,1776779893028736768,corrected,left,OFF,0.0,-0.18
2026-04-21T13:58:13.045193+00:00,7.227971,1776779893045193517,93604,1776779893044819968,corrected,left,OFF,0.0,-0.26
2026-04-21T13:58:13.060446+00:00,7.244066,1776779893060446217,93620,1776779893060914688,corrected,left,OFF,0.0,-0.26
2026-04-21T13:58:13.078065+00:00,7.260194,1776779893078065517,93636,1776779893077042944,corrected,left,OFF,0.0,-0.18
2026-04-21T13:58:13.093422+00:00,7.276289,1776779893093422017,93652,1776779893093138176,corrected,left,OFF,0.0,-0.18
2026-04-21T13:58:13.108821+00:00,7.292322,1776779893108821317,93668,1776779893109171200,corrected,left,OFF,0.0,-0.26
2026-04-21T13:58:13.125281+00:00,7.308394,1776779893125280617,93684,1776779893125243392,corrected,left,OFF,0.0,-0.18
2026-04-21T13:58:13.142464+00:00,7.324512,1776779893142464317,93700,1776779893141361152,corrected,left,OFF,0.0,-0.18
2026-04-21T13:58:13.157263+00:00,7.340563,1776779893157263017,93716,1776779893157411584,corrected,left,OFF,0.0,-0.26
2026-04-21T13:58:13.173608+00:00,7.356644,1776779893173608017,93732,1776779893173492736,corrected,left,OFF,0.0,-0.26
2026-04-21T13:58:13.189044+00:00,7.372663,1776779893189044517,93748,1776779893189511936,corrected,left,OFF,0.0,-0.18
2026-04-21T13:58:13.205530+00:00,7.388726,1776779893205530317,93764,1776779893205574400,corrected,left,OFF,0.0,-0.18
2026-04-21T13:58:13.221893+00:00,7.404814,1776779893221892817,93780,1776779893221663232,corrected,left,OFF,0.0,-0.26
2026-04-21T13:58:13.237442+00:00,7.420850,1776779893237441417,93796,1776779893237699072,corrected,left,OFF,0.0,-0.18
2026-04-21T13:58:13.253854+00:00,7.436918,1776779893253854217,93812,1776779893253766656,corrected,left,OFF,0.0,-0.26
2026-04-21T13:58:13.269204+00:00,7.453028,1776779893269203817,93828,1776779893269877248,corrected,left,OFF,0.0,-0.26
2026-04-21T13:58:13.285703+00:00,7.469074,1776779893285703317,93844,1776779893285922816,corrected,left,OFF,0.0,-0.18
2026-04-21T13:58:13.302175+00:00,7.485161,1776779893302174417,93860,1776779893302009856,corrected,left,OFF,0.0,-0.18
2026-04-21T13:58:13.317542+00:00,7.501184,1776779893317541717,93876,1776779893318032640,corrected,left,OFF,0.0,-0.18
2026-04-21T13:58:13.333992+00:00,7.517239,1776779893333991717,93892,1776779893334087424,corrected,left,OFF,0.0,-0.18
2026-04-21T13:58:13.350722+00:00,7.533348,1776779893350722417,93908,1776779893350196480,corrected,left,OFF,0.0,-0.18
2026-04-21T13:58:13.365893+00:00,7.549386,1776779893365893217,93924,1776779893366234624,corrected,left,OFF,0.0,-0.18
2026-04-21T13:58:13.382331+00:00,7.565452,1776779893382330517,93940,1776779893382301184,corrected,left,OFF,0.0,-0.18
2026-04-21T13:58:13.397802+00:00,7.581467,1776779893397802017,93956,1776779893398315520,corrected,left,OFF,0.0,-0.18
2026-04-21T13:58:13.414328+00:00,7.597520,1776779893414327617,93972,1776779893414368512,corrected,left,OFF,0.0,-0.26
2026-04-21T13:58:13.430591+00:00,7.613601,1776779893430590717,93988,1776779893430449664,corrected,left,OFF,0.0,-0.18
2026-04-21T13:58:13.446388+00:00,7.629639,1776779893446387917,94004,1776779893446488320,corrected,left,OFF,0.0,-0.18
2026-04-21T13:58:13.462656+00:00,7.645703,1776779893462656017,94020,1776779893462552064,corrected,left,OFF,0.0,-0.18
2026-04-21T13:58:13.479011+00:00,7.661801,1776779893479011317,94036,1776779893478649600,corrected,left,OFF,0.0,-0.26
2026-04-21T13:58:13.494514+00:00,7.677839,1776779893494513517,94052,1776779893494688256,corrected,left,OFF,0.0,-0.26
2026-04-21T13:58:13.510959+00:00,7.693971,1776779893510959317,94068,1776779893510820096,corrected,left,OFF,0.0,-0.26
2026-04-21T13:58:13.526245+00:00,7.709981,1776779893526245317,94084,1776779893526830336,corrected,left,OFF,0.0,-0.18
2026-04-21T13:58:13.542778+00:00,7.726032,1776779893542777917,94100,1776779893542880768,corrected,left,OFF,0.0,-0.18
2026-04-21T13:58:13.559263+00:00,7.742118,1776779893559262417,94116,1776779893558967296,corrected,left,OFF,0.0,-0.18
2026-04-21T13:58:13.574781+00:00,7.758155,1776779893574781017,94132,1776779893575004160,corrected,left,OFF,0.0,-0.18
2026-04-21T13:58:13.591027+00:00,7.774214,1776779893591026317,94148,1776779893591062528,corrected,left,OFF,0.0,-0.26
2026-04-21T13:58:13.607642+00:00,7.790317,1776779893607642017,94164,1776779893607166208,corrected,left,OFF,0.0,-0.26
2026-04-21T13:58:13.622839+00:00,7.806346,1776779893622838717,94180,1776779893623195136,corrected,left,OFF,0.0,-0.18
2026-04-21T13:58:13.639487+00:00,7.822428,1776779893639486517,94196,1776779893639276544,corrected,left,OFF,0.0,-0.18
2026-04-21T13:58:13.654843+00:00,7.838439,1776779893654842817,94212,1776779893655287552,corrected,left,OFF,0.0,-0.26
2026-04-21T13:58:13.671233+00:00,7.854488,1776779893671233217,94228,1776779893671336704,corrected,left,OFF,0.0,-0.26
2026-04-21T13:58:13.687645+00:00,7.870569,1776779893687645017,94244,1776779893687418112,corrected,left,OFF,0.0,-0.18
2026-04-21T13:58:13.703166+00:00,7.886595,1776779893703166117,94260,1776779893703443968,corrected,left,OFF,0.0,-0.18
2026-04-21T13:58:13.719539+00:00,7.902655,1776779893719539417,94276,1776779893719504128,corrected,left,OFF,0.0,-0.26
2026-04-21T13:58:13.736224+00:00,7.918809,1776779893736223617,94292,1776779893735658240,corrected,left,OFF,0.0,-0.18
2026-04-21T13:58:13.751511+00:00,7.934851,1776779893751510517,94308,1776779893751699968,corrected,left,OFF,0.0,-0.18
2026-04-21T13:58:13.767839+00:00,7.950921,1776779893767838717,94324,1776779893767769856,corrected,left,OFF,0.0,-0.26
2026-04-21T13:58:13.783342+00:00,7.966937,1776779893783342117,94340,1776779893783785728,corrected,left,OFF,0.0,-0.18
2026-04-21T13:58:13.799815+00:00,7.982989,1776779893799815517,94356,1776779893799837440,corrected,left,OFF,0.0,-0.26
2026-04-21T13:58:13.816246+00:00,7.999075,1776779893816245517,94372,1776779893815923968,corrected,left,OFF,0.0,-0.18
2026-04-21T13:58:13.831643+00:00,8.015103,1776779893831642917,94388,1776779893831952128,corrected,left,OFF,0.0,-0.18
2026-04-21T13:58:13.848155+00:00,8.031165,1776779893848155117,94404,1776779893848013568,corrected,left,OFF,0.0,-0.18
2026-04-21T13:58:13.864645+00:00,8.047270,1776779893864644617,94420,1776779893864119296,corrected,left,OFF,0.0,-0.18
2026-04-21T13:58:13.879944+00:00,8.063307,1776779893879944117,94436,1776779893880155904,corrected,left,OFF,0.0,-0.18
2026-04-21T13:58:13.896471+00:00,8.079382,1776779893896470617,94452,1776779893896230656,corrected,left,OFF,0.0,-0.26
2026-04-21T13:58:13.911683+00:00,8.095388,1776779893911683417,94468,1776779893912236544,corrected,left,OFF,0.0,-0.18
2026-04-21T13:58:13.928321+00:00,8.111442,1776779893928320817,94484,1776779893928291072,corrected,left,OFF,0.0,-0.18
2026-04-21T13:58:13.944706+00:00,8.127578,1776779893944706017,94500,1776779893944427008,corrected,left,OFF,0.0,-0.26
2026-04-21T13:58:13.960073+00:00,8.143602,1776779893960073017,94516,1776779893960450560,corrected,left,OFF,0.0,-0.18
2026-04-21T13:58:13.976549+00:00,8.159666,1776779893976549017,94532,1776779893976514816,corrected,left,OFF,0.0,-0.18
2026-04-21T13:58:13.993359+00:00,8.175780,1776779893993358617,94548,1776779893992629248,corrected,left,OFF,0.0,-0.18
2026-04-21T13:58:14.008548+00:00,8.191825,1776779894008548317,94564,1776779894008674304,corrected,left,OFF,0.0,-0.18
2026-04-21T13:58:14.024967+00:00,8.207905,1776779894024966917,94580,1776779894024754176,corrected,left,OFF,0.0,-0.18
2026-04-21T13:58:14.040493+00:00,8.223930,1776779894040492817,94596,1776779894040778496,corrected,left,OFF,0.0,-0.18
2026-04-21T13:58:14.056650+00:00,8.239970,1776779894056650017,94612,1776779894056819200,corrected,left,OFF,0.0,-0.26
2026-04-21T13:58:14.073236+00:00,8.256059,1776779894073236417,94628,1776779894072908288,corrected,left,OFF,0.0,-0.26
2026-04-21T13:58:14.088705+00:00,8.272087,1776779894088705217,94644,1776779894088935680,corrected,left,OFF,0.0,-0.26
2026-04-21T13:58:14.105127+00:00,8.288185,1776779894105127417,94660,1776779894105033472,corrected,left,OFF,0.0,-0.18
2026-04-21T13:58:14.121545+00:00,8.304283,1776779894121544817,94676,1776779894121132032,corrected,left,OFF,0.0,-0.26
2026-04-21T13:58:14.137154+00:00,8.320333,1776779894137153917,94692,1776779894137181952,corrected,left,OFF,0.0,-0.18
2026-04-21T13:58:14.153474+00:00,8.336411,1776779894153473417,94708,1776779894153259776,corrected,left,OFF,0.0,-0.18
2026-04-21T13:58:14.169037+00:00,8.352493,1776779894169036617,94724,1776779894169341696,corrected,left,OFF,0.0,-0.18
2026-04-21T13:58:14.185553+00:00,8.368565,1776779894185552817,94740,1776779894185413632,corrected,left,OFF,0.0,-0.18
2026-04-21T13:58:14.201713+00:00,8.384652,1776779894201712817,94756,1776779894201500416,corrected,left,OFF,0.0,-0.18
2026-04-21T13:58:14.217120+00:00,8.400678,1776779894217120117,94772,1776779894217527296,corrected,left,OFF,0.0,-0.18
2026-04-21T13:58:14.233691+00:00,8.416749,1776779894233690517,94788,1776779894233598208,corrected,left,OFF,0.0,-0.18
2026-04-21T13:58:14.250031+00:00,8.432846,1776779894250030817,94804,1776779894249695232,corrected,left,OFF,0.0,-0.26
2026-04-21T13:58:14.265545+00:00,8.448894,1776779894265544717,94820,1776779894265742592,corrected,left,OFF,0.0,-0.26
2026-04-21T13:58:14.281991+00:00,8.464975,1776779894281991317,94836,1776779894281824000,corrected,left,OFF,0.0,-0.18
2026-04-21T13:58:14.297376+00:00,8.480993,1776779894297375617,94852,1776779894297841920,corrected,left,OFF,0.0,-0.18
2026-04-21T13:58:14.313818+00:00,8.497047,1776779894313818217,94868,1776779894313895936,corrected,left,OFF,0.0,-0.18
2026-04-21T13:58:14.330378+00:00,8.513144,1776779894330378117,94884,1776779894329993216,corrected,left,OFF,0.0,-0.18
2026-04-21T13:58:14.345636+00:00,8.529170,1776779894345635917,94900,1776779894346019328,corrected,left,OFF,0.0,-0.18
2026-04-21T13:58:14.362123+00:00,8.545234,1776779894362123617,94916,1776779894362083328,corrected,left,OFF,0.0,-0.18
2026-04-21T13:58:14.378481+00:00,8.561337,1776779894378481117,94932,1776779894378185984,corrected,left,OFF,0.0,-0.26
2026-04-21T13:58:14.394015+00:00,8.577380,1776779894394015317,94948,1776779894394229248,corrected,left,OFF,0.0,-0.18
2026-04-21T13:58:14.411724+00:00,8.593535,1776779894411724217,94964,1776779894410384128,corrected,left,OFF,0.0,-0.18
2026-04-21T13:58:14.425772+00:00,8.609547,1776779894425772017,94980,1776779894426395648,corrected,left,OFF,0.0,-0.26
2026-04-21T13:58:14.442628+00:00,8.625621,1776779894442627917,94996,1776779894442470144,corrected,left,OFF,0.0,-0.18
2026-04-21T13:58:14.458863+00:00,8.641712,1776779894458862617,95012,1776779894458561024,corrected,left,OFF,0.0,-0.18
2026-04-21T13:58:14.474251+00:00,8.657753,1776779894474250517,95028,1776779894474601984,corrected,left,OFF,0.0,-0.18
2026-04-21T13:58:14.490606+00:00,8.673819,1776779894490606217,95044,1776779894490667520,corrected,left,OFF,0.0,-0.18
2026-04-21T13:58:14.507133+00:00,8.689922,1776779894507133017,95060,1776779894506770432,corrected,left,OFF,0.0,-0.18
2026-04-21T13:58:14.522421+00:00,8.705960,1776779894522421317,95076,1776779894522808832,corrected,left,OFF,0.0,-0.18
2026-04-21T13:58:14.539291+00:00,8.722059,1776779894539290717,95092,1776779894538908160,corrected,left,OFF,0.0,-0.18
2026-04-21T13:58:14.554476+00:00,8.738081,1776779894554476617,95108,1776779894554929408,corrected,left,OFF,0.0,-0.18
2026-04-21T13:58:14.570796+00:00,8.754132,1776779894570795517,95124,1776779894570980864,corrected,left,OFF,0.0,-0.18
2026-04-21T13:58:14.587283+00:00,8.770222,1776779894587283417,95140,1776779894587070976,corrected,left,OFF,0.0,-0.18
2026-04-21T13:58:14.602784+00:00,8.786261,1776779894602783717,95156,1776779894603110144,corrected,left,OFF,0.0,-0.18
2026-04-21T13:58:14.619223+00:00,8.802329,1776779894619223117,95172,1776779894619177984,corrected,left,OFF,0.0,-0.18
2026-04-21T13:58:14.635610+00:00,8.818434,1776779894635610417,95188,1776779894635282432,corrected,left,OFF,0.0,-0.26
2026-04-21T13:58:14.651150+00:00,8.834479,1776779894651149917,95204,1776779894651328000,corrected,left,OFF,0.0,-0.26
2026-04-21T13:58:14.667448+00:00,8.850557,1776779894667448317,95220,1776779894667406080,corrected,left,OFF,0.0,-0.18
2026-04-21T13:58:14.682970+00:00,8.866580,1776779894682970417,95236,1776779894683428864,corrected,left,OFF,0.0,-0.18
2026-04-21T13:58:14.699479+00:00,8.882640,1776779894699479017,95252,1776779894699488768,corrected,left,OFF,0.0,-0.26
2026-04-21T13:58:14.715746+00:00,8.898723,1776779894715746317,95268,1776779894715572224,corrected,left,OFF,0.0,-0.18
2026-04-21T13:58:14.731254+00:00,8.914756,1776779894731254017,95284,1776779894731604480,corrected,left,OFF,0.0,-0.18
2026-04-21T13:58:14.747716+00:00,8.930822,1776779894747716017,95300,1776779894747671040,corrected,left,OFF,0.0,-0.18
2026-04-21T13:58:14.764095+00:00,8.946927,1776779894764094717,95316,1776779894763775488,corrected,left,OFF,0.0,-0.18
2026-04-21T13:58:14.779619+00:00,8.962974,1776779894779619117,95332,1776779894779823360,corrected,left,OFF,0.0,-0.18
2026-04-21T13:58:14.796159+00:00,8.979060,1776779894796158717,95348,1776779894795908608,corrected,left,OFF,0.0,-0.18
2026-04-21T13:58:14.811510+00:00,8.995083,1776779894811509717,95364,1776779894811932160,corrected,left,OFF,0.0,-0.18
2026-04-21T13:58:14.827904+00:00,9.011140,1776779894827903817,95380,1776779894827988736,corrected,left,OFF,0.0,-0.18
2026-04-21T13:58:14.845247+00:00,9.027286,1776779894845246417,95396,1776779894844134912,corrected,left,OFF,0.0,-0.18
2026-04-21T13:58:14.859819+00:00,9.043319,1776779894859819317,95412,1776779894860167936,corrected,left,OFF,0.0,-0.26
2026-04-21T13:58:14.876389+00:00,9.059397,1776779894876389317,95428,1776779894876245760,corrected,left,OFF,0.0,-0.18
2026-04-21T13:58:14.892979+00:00,9.075520,1776779894892979317,95444,1776779894892368640,corrected,left,OFF,0.0,-0.18
2026-04-21T13:58:14.908020+00:00,9.091556,1776779894908020217,95460,1776779894908404736,corrected,left,OFF,0.0,-0.18
2026-04-21T13:58:14.924570+00:00,9.107636,1776779894924570317,95476,1776779894924485120,corrected,left,OFF,0.0,-0.18
2026-04-21T13:58:14.940037+00:00,9.123654,1776779894940037317,95492,1776779894940502528,corrected,left,OFF,0.0,-0.18
2026-04-21T13:58:14.956463+00:00,9.139711,1776779894956463117,95508,1776779894956559616,corrected,left,OFF,0.0,-0.18
2026-04-21T13:58:14.972919+00:00,9.155801,1776779894972918617,95524,1776779894972650240,corrected,left,OFF,0.0,-0.18
2026-04-21T13:58:14.988377+00:00,9.171833,1776779894988376517,95540,1776779894988682240,corrected,left,OFF,0.0,-0.18
2026-04-21T13:58:15.004774+00:00,9.187898,1776779895004773717,95556,1776779895004747008,corrected,left,OFF,0.0,-0.18
2026-04-21T13:58:15.021679+00:00,9.204037,1776779895021678717,95572,1776779895020886272,corrected,left,OFF,0.0,-0.18
2026-04-21T13:58:15.036556+00:00,9.220077,1776779895036555617,95588,1776779895036925440,corrected,left,OFF,0.0,-0.18
2026-04-21T13:58:15.053100+00:00,9.236156,1776779895053099917,95604,1776779895053005056,corrected,left,OFF,0.0,-0.18
2026-04-21T13:58:15.071386+00:00,9.252355,1776779895071385717,95620,1776779895069203712,corrected,left,OFF,0.0,-0.26
2026-04-21T13:58:15.085883+00:00,9.268456,1776779895085883417,95636,1776779895085305344,corrected,left,OFF,0.0,-0.18
2026-04-21T13:58:15.102227+00:00,9.284590,1776779895102226817,95652,1776779895101438976,corrected,left,OFF,0.0,-0.18
2026-04-21T13:58:15.116903+00:00,9.300619,1776779895116903117,95668,1776779895117467648,corrected,left,OFF,0.0,-0.26
2026-04-21T13:58:15.133684+00:00,9.316702,1776779895133684517,95684,1776779895133551360,corrected,left,OFF,0.0,-0.18
2026-04-21T13:58:15.149771+00:00,9.332798,1776779895149771417,95700,1776779895149646592,corrected,left,OFF,0.0,-0.18
2026-04-21T13:58:15.165123+00:00,9.348836,1776779895165123317,95716,1776779895165684480,corrected,left,OFF,0.0,-0.26
2026-04-21T13:58:15.181855+00:00,9.364922,1776779895181855517,95732,1776779895181771008,corrected,left,OFF,0.0,-0.18
2026-04-21T13:58:15.197039+00:00,9.380939,1776779895197038717,95748,1776779895197787648,corrected,left,OFF,0.0,-0.18
2026-04-21T13:58:15.213525+00:00,9.396996,1776779895213524517,95764,1776779895213844480,corrected,left,OFF,0.0,-0.18
2026-04-21T13:58:15.230288+00:00,9.413098,1776779895230287517,95780,1776779895229946880,corrected,left,OFF,0.0,-0.18
2026-04-21T13:58:15.245732+00:00,9.429142,1776779895245732017,95796,1776779895245990656,corrected,left,OFF,0.0,-0.18
2026-04-21T13:58:15.261833+00:00,9.445203,1776779895261833417,95812,1776779895262051584,corrected,left,OFF,0.0,-0.26
2026-04-21T13:58:15.279853+00:00,9.461391,1776779895279852417,95828,1776779895278240256,corrected,left,OFF,0.0,-0.18
2026-04-21T13:58:15.293880+00:00,9.477436,1776779895293879717,95844,1776779895294285312,corrected,left,OFF,0.0,-0.18
2026-04-21T13:58:15.311060+00:00,9.493561,1776779895311059717,95860,1776779895310409728,corrected,left,OFF,0.0,-0.18
2026-04-21T13:58:15.325834+00:00,9.509584,1776779895325833917,95876,1776779895326432768,corrected,left,OFF,0.0,-0.18
2026-04-21T13:58:15.341988+00:00,9.525624,1776779895341988217,95892,1776779895342472960,corrected,left,OFF,0.0,-0.18
2026-04-21T13:58:15.358757+00:00,9.541722,1776779895358757317,95908,1776779895358571264,corrected,left,OFF,0.0,-0.18
2026-04-21T13:58:15.374069+00:00,9.557749,1776779895374069017,95924,1776779895374598144,corrected,left,OFF,0.0,-0.26
